date,DFF,DFEDTARL,DFEDTARU,M2SL,DGS2,DGS10,DGS30,T10Y2Y,^GSPC,^DJI,^VIX,GLD,BTC-USD,VEU,EEM,BAA,DPRIME,MORTGAGE30US,XLF,XLRE,XLK,XLE,XLU,UNRATE,PAYEMS,CPIAUCSL,PCEPI,HOUST
2000-01-01,5.87,,,4667.6,6.61,6.68,6.49,0.07,1394.4599609375,10940.5302734375,24.950000762939453,,,,,8.33,8.5,8.25,11.181812286376953,,18.812570571899414,6.843847751617432,5.550710201263428,4.0,131011.0,169.3,72.961,1636.0
2000-02-01,5.85,,,4680.9,6.53,6.42,6.15,-0.11,1366.4200439453125,10128.3095703125,23.3700008392334,,,,,8.29,8.75,8.31,9.984841346740723,,20.789167404174805,6.554121971130371,4.876086711883545,4.1,131120.0,170.0,73.191,1737.0
2000-03-01,6.17,,,4711.7,6.5,6.03,5.84,-0.47,1498.5799560546875,10921.919921875,24.110000610351562,,,,,8.37,9.0,8.23,11.808318138122559,,22.533226013183594,7.36961030960083,5.408742904663086,4.0,131604.0,171.0,73.505,1604.0
2000-04-01,6.06,,,4767.8,6.68,6.23,5.97,-0.45,1452.4300537109375,10733.91015625,26.200000762939453,,,,,8.4,9.0,8.13,11.922370910644531,,20.463605880737305,7.259614944458008,5.762787818908691,3.8,131884.0,170.9,73.444,1626.0
2000-05-01,6.83,,,4755.7,6.69,6.29,6.02,-0.4,1420.5999755859375,10522.330078125,23.649999618530273,,,,,8.9,9.5,8.62,12.18850040435791,,18.33585548400879,8.112069129943848,5.750143051147461,4.0,132105.0,171.2,73.505,1575.0
2000-06-01,6.86,,,4773.6,6.38,6.03,5.9,-0.35,1454.5999755859375,10447.8896484375,19.540000915527344,,,,,8.48,9.5,8.22,11.597332000732422,,20.16130256652832,7.665774822235107,5.554824352264404,4.0,132063.0,172.2,73.754,1559.0
2000-07-01,6.64,,,4791.3,6.3,6.04,5.79,-0.26,1430.8299560546875,10521.98046875,20.739999771118164,,,,,8.35,9.5,8.13,12.61972713470459,,19.091617584228516,7.373669147491455,5.64082145690918,4.0,132228.0,172.7,73.939,1463.0
2000-08-01,6.65,,,4819.5,6.18,5.73,5.67,-0.45,1517.6800537109375,11215.099609375,16.84000015258789,,,,,8.26,9.5,7.99,13.901543617248535,,21.03333854675293,8.178930282592773,5.860593795776367,4.1,132234.0,172.7,73.934,1541.0
2000-09-01,6.6,,,4855.2,5.98,5.8,5.88,-0.18,1436.510009765625,10650.919921875,20.56999969482422,,,,,8.35,9.5,7.88,14.20375919342041,,17.25454330444336,8.313401222229004,6.635032653808594,3.9,132337.0,173.6,74.252,1507.0
2000-10-01,6.59,,,4871.3,5.94,5.77,5.79,-0.17,1429.4000244140625,10971.1396484375,23.6299991607666,,,,,8.34,9.5,7.68,14.081310272216797,,16.2662410736084,8.087431907653809,7.020411968231201,3.9,132352.0,173.9,74.353,1549.0
2000-11-01,6.62,,,4882.7,5.61,5.48,5.6,-0.13,1314.949951171875,10414.490234375,29.649999618530273,,,,,8.28,9.5,7.73,13.361940383911133,,12.929285049438477,7.663238048553467,7.017205715179443,3.9,132556.0,174.2,74.457,1551.0
2000-12-01,5.41,,,4927.6,5.11,5.12,5.46,0.01,1320.280029296875,10787.990234375,26.850000381469727,,,,,8.02,9.5,7.13,14.502080917358398,,11.650304794311523,8.445612907409668,6.921449661254883,3.9,132716.0,174.6,74.571,1532.0
2001-01-01,5.74,,,4978.3,4.62,5.19,5.54,0.57,1366.010009765625,10887.3603515625,22.020000457763672,,,,,7.93,9.0,7.15,14.467667579650879,,13.878044128417969,8.17650032043457,6.5319695472717285,4.2,132703.0,175.6,74.932,1600.0
2001-02-01,5.59,,,5017.0,4.41,4.92,5.34,0.51,1239.93994140625,10495.2802734375,28.350000381469727,,,,,7.87,8.5,7.12,13.494312286376953,,10.421558380126953,8.077253341674805,6.667531490325928,4.2,132788.0,176.0,75.048,1625.0
2001-03-01,5.29,,,5074.8,4.18,4.93,5.46,0.75,1160.3299560546875,9878.7802734375,28.639999389648438,,,,,7.84,8.0,6.91,13.090129852294922,,9.227228164672852,7.836281776428223,6.571948528289795,4.3,132751.0,176.1,75.055,1590.0
2001-04-01,4.67,,,5139.1,4.3,5.35,5.78,1.05,1249.4599609375,10734.9697265625,25.479999542236328,,,,,8.07,7.5,7.12,13.56362533569336,,10.719212532043457,8.645437240600586,6.889101028442383,4.4,132458.0,176.4,75.187,1649.0
2001-05-01,4.24,,,5137.2,4.22,5.43,5.78,1.21,1255.8199462890625,10911.9404296875,22.639999389648438,,,,,8.07,7.0,7.2,14.160425186157227,,10.280171394348145,8.563761711120605,6.9374098777771,4.3,132408.0,177.3,75.385,1605.0
2001-06-01,3.95,,,5180.1,4.25,5.42,5.75,1.17,1224.3800048828125,10502.400390625,19.059999465942383,,,,,7.97,6.75,7.11,14.059083938598633,,10.481085777282715,7.783329963684082,6.589322090148926,4.5,132300.0,177.7,75.518,1636.0
2001-07-01,3.82,,,5210.0,3.79,5.07,5.51,1.28,1211.22998046875,10522.8095703125,21.6200008392334,,,,,7.97,6.75,7.03,13.92542839050293,,9.755556106567383,7.693577766418457,6.530091285705566,4.6,132172.0,177.4,75.493,1670.0
2001-08-01,3.66,,,5243.8,3.64,4.85,5.39,1.21,1133.5799560546875,9949.75,24.920000076293945,,,,,7.85,6.5,6.92,13.004656791687012,,8.564949989318848,7.36787748336792,6.2974042892456055,4.9,132021.0,177.4,75.484,1567.0
2001-09-01,2.75,,,5355.1,2.86,4.6,5.42,1.74,1040.93994140625,8847.5595703125,31.93000030517578,,,,,8.03,6.0,6.72,12.271904945373535,,7.16226053237915,6.658846378326416,6.237213134765625,5.0,131763.0,178.1,75.227,1562.0
2001-10-01,2.66,,,5343.8,2.44,4.3,4.89,1.86,1059.780029296875,9075.1396484375,33.560001373291016,,,,,7.91,5.5,6.64,12.097867012023926,,7.943598747253418,6.927055835723877,5.908935546875,5.3,131452.0,177.6,75.492,1540.0
2001-11-01,2.06,,,5387.5,2.84,4.78,5.27,1.94,1139.449951171875,9851.5595703125,23.84000015258789,,,,,7.81,5.0,7.02,12.883508682250977,,9.130487442016602,6.540215492248535,5.834332466125488,5.5,131144.0,177.5,75.441,1602.0
2001-12-01,1.52,,,5440.5,3.07,5.07,5.48,2.0,1148.0799560546875,10021.5703125,23.799999237060547,,,,,8.05,4.75,7.16,13.134456634521484,,8.929571151733398,6.914168357849121,6.021303653717041,5.7,130983.0,177.4,75.363,1568.0
2002-01-01,1.85,,,5460.9,3.16,5.07,5.44,1.91,1130.199951171875,9920.0,21.09000015258789,,,,,7.87,4.75,6.96,12.984636306762695,,8.832833290100098,6.6681599617004395,5.804339408874512,5.7,130859.0,177.7,75.431,1698.0
2002-02-01,1.83,,,5490.2,3.06,4.88,5.54,1.82,1106.72998046875,10106.1298828125,21.59000015258789,,,,,7.89,4.75,6.81,12.759891510009766,,7.683151721954346,6.896039009094238,5.793598175048828,5.7,130737.0,178.0,75.558,1829.0
2002-03-01,1.74,,,5502.0,3.72,5.42,5.91,1.7,1147.3900146484375,10403.9404296875,17.399999618530273,,,,,8.11,4.75,7.18,13.60409164428711,,8.062663078308105,7.506509780883789,6.10252046585083,5.7,130722.0,178.5,75.763,1642.0
2002-04-01,1.82,,,5502.1,3.24,5.11,5.72,1.87,1076.9200439453125,9946.2197265625,21.90999984741211,,,,,8.03,4.75,6.88,13.2583589553833,,7.087851524353027,7.236283302307129,5.732212066650391,5.9,130616.0,179.3,76.08,1592.0
2002-05-01,1.79,,,5528.3,3.22,5.08,5.75,1.86,1067.1400146484375,9925.25,19.979999542236328,,,,,8.09,4.75,6.76,13.218271255493164,,6.793920516967773,7.108968734741211,5.684568405151367,5.8,130632.0,179.5,76.13,1764.0
2002-06-01,1.73,,,5553.3,2.9,4.86,5.7,1.96,989.8200073242188,9243.259765625,25.399999618530273,,,,,7.95,4.75,6.55,12.652891159057617,,5.886076927185059,6.8485941886901855,5.302237033843994,5.8,130674.0,179.6,76.225,1717.0
2002-07-01,1.76,,,5596.0,2.23,4.51,5.51,2.28,911.6199951171875,8736.58984375,32.029998779296875,,,,,7.9,4.75,6.34,11.600996971130371,,5.32797908782959,5.899721145629883,4.521658420562744,5.8,130584.0,180.0,76.393,1655.0
2002-08-01,1.81,,,5638.3,2.14,4.14,5.11,2.0,916.0700073242188,8663.5,32.63999938964844,,,,,7.58,4.75,6.22,11.81741714477539,,5.283331871032715,5.988596439361572,4.700949668884277,5.7,130581.0,180.5,76.543,1633.0
2002-09-01,1.85,,,5662.3,1.72,3.63,4.88,1.91,815.280029296875,7591.93017578125,39.689998626708984,,,,,7.4,4.75,5.99,10.459174156188965,,4.401535511016846,5.561277389526367,4.131918430328369,5.7,130502.0,180.8,76.681,1804.0
2002-10-01,1.82,,,5707.1,1.68,3.93,5.28,2.25,885.760009765625,8397.0302734375,31.139999389648438,,,,,7.73,4.75,6.31,11.415529251098633,,5.491688251495361,5.663778781890869,4.036753177642822,5.7,130617.0,181.2,76.821,1648.0
2002-11-01,1.23,,,5758.1,2.08,4.22,5.23,2.14,936.3099975585938,8896.08984375,27.5,,,,,7.62,4.25,6.13,11.840578079223633,,6.3623223304748535,5.8976874351501465,4.154052257537842,5.9,130616.0,181.5,76.897,1753.0
2002-12-01,1.16,,,5779.4,1.61,3.83,5.03,2.22,879.8200073242188,8341.6298828125,28.6200008392334,,,,,7.45,4.25,5.93,11.19894790649414,,5.521434783935547,5.899055004119873,4.288642406463623,6.0,130465.0,181.8,76.971,1788.0
2003-01-01,1.33,,,5812.1,1.72,4.0,5.03,2.28,855.7000122070312,8053.81005859375,31.170000076293945,,,,,7.35,4.25,5.9,11.056419372558594,,5.390859127044678,5.751114845275879,4.187867164611816,5.8,130573.0,182.6,77.201,1853.0
2003-02-01,1.33,,,5848.2,1.53,3.71,4.9,2.18,841.1500244140625,7891.080078125,29.6299991607666,,,,,7.06,4.25,5.79,10.71535873413086,,5.416975021362305,5.9201884269714355,3.963916540145874,5.9,130441.0,183.6,77.526,1629.0
2003-03-01,1.38,,,5868.4,1.51,3.83,5.07,2.32,848.1799926757812,7992.1298828125,29.149999618530273,,,,,6.95,4.25,5.91,10.615259170532227,,5.33489990234375,5.927417755126953,4.164719104766846,5.9,130235.0,183.9,77.725,1726.0
2003-04-01,1.31,,,5905.5,1.51,3.89,5.0,2.38,916.9199829101562,8480.08984375,21.209999084472656,,,,7.555548191070557,6.85,4.25,5.79,11.949832916259766,,5.82362174987793,5.8769612312316895,4.524605751037598,6.0,130173.0,183.2,77.593,1643.0
2003-05-01,1.28,,,5965.3,1.33,3.37,4.59,2.04,963.5900268554688,8850.259765625,19.469999313354492,,,,8.244827270507812,6.38,4.25,5.31,12.558319091796875,,6.323535919189453,6.501039505004883,4.9818220138549805,6.1,130197.0,182.9,77.504,1751.0
2003-06-01,1.45,,,6002.2,1.32,3.54,4.81,2.22,974.5,8985.4404296875,19.520000457763672,,,,8.590898513793945,6.19,4.0,5.24,12.61151123046875,,6.368301868438721,6.417557239532471,5.0494256019592285,6.3,130186.0,183.1,77.588,1867.0
2003-07-01,1.04,,,6049.1,1.8,4.49,5.56,2.69,990.3099975585938,9233.7998046875,19.489999771118164,,,,9.078119277954102,6.62,4.0,5.94,13.161186218261719,,6.566030025482178,6.190741539001465,4.711578369140625,6.2,130184.0,183.7,77.816,1897.0
2003-08-01,1.01,,,6107.1,1.95,4.45,5.3,2.5,1008.010009765625,9415.8203125,18.6299991607666,,,,9.803223609924316,7.01,4.0,6.32,13.007071495056152,,6.879408836364746,6.585667133331299,4.805168628692627,6.1,130153.0,184.5,78.079,1833.0
2003-09-01,1.17,,,6079.7,1.5,3.96,5.07,2.46,995.969970703125,9275.0595703125,22.719999313354492,,,,9.739458084106445,6.79,4.0,5.98,13.12238597869873,,6.819718360900879,6.449869155883789,5.044095516204834,6.1,130252.0,185.1,78.323,1939.0
2003-10-01,1.03,,,6070.0,1.85,4.33,5.28,2.48,1050.7099609375,9801.1201171875,16.100000381469727,,,,10.63365364074707,6.73,4.0,5.94,14.031301498413086,,7.319632053375244,6.511555194854736,5.078643321990967,6.0,130439.0,184.9,78.333,1967.0
2003-11-01,1.01,,,6075.5,2.06,4.34,5.23,2.28,1058.199951171875,9782.4599609375,16.31999969482422,,,,10.833558082580566,6.66,4.0,5.89,13.97966194152832,,7.4240922927856445,6.562509536743164,5.090160369873047,5.8,130480.0,185.0,78.432,2083.0
2003-12-01,0.94,,,6073.8,1.84,4.27,5.23,2.43,1111.9200439453125,10453.919921875,18.309999465942383,,,,11.80689811706543,6.6,4.0,5.85,14.61371898651123,,7.6568732261657715,7.421699047088623,5.423670768737793,5.7,130589.0,185.5,78.605,2057.0
2004-01-01,1.03,,,6082.1,1.84,4.16,5.11,2.32,1131.1300048828125,10488.0703125,16.6299991607666,,,,12.092835426330566,6.44,4.0,5.68,15.09166431427002,,7.9837422370910645,7.588723182678223,5.535258769989014,5.7,130756.0,186.3,78.909,1911.0
2004-02-01,1.04,,,6121.8,1.66,3.99,5.01,2.33,1144.93994140625,10583.919921875,14.550000190734863,,,,12.571074485778809,6.27,4.0,5.58,15.52286148071289,,7.7808613777160645,7.987420558929443,5.6398725509643555,5.6,130821.0,186.7,79.077,1846.0
2004-03-01,1.05,,,6157.9,1.6,3.86,4.93,2.26,1126.2099609375,10357.7001953125,16.739999771118164,,,,12.640215873718262,6.11,4.0,5.4,15.342572212219238,,7.574223041534424,7.937492370605469,5.699999809265137,5.8,131140.0,187.1,79.199,1998.0
2004-04-01,1.03,,,6198.9,2.31,4.53,5.39,2.22,1107.300048828125,10225.5703125,17.190000534057617,,,,11.401405334472656,6.46,4.0,6.01,14.674595832824707,,7.2849297523498535,8.072755813598633,5.4562482833862305,5.6,131412.0,187.4,79.346,2003.0
2004-05-01,1.02,,,6275.7,2.54,4.66,5.42,2.12,1120.6800537109375,10188.4501953125,15.5,,,,11.534650802612305,6.75,4.0,6.32,14.925086975097656,,7.570463180541992,8.048406600952148,5.521873950958252,5.6,131697.0,188.2,79.604,1981.0
2004-06-01,1.38,,,6277.9,2.7,4.62,5.41,1.92,1140.8399658203125,10435.48046875,14.34000015258789,,,,11.641242980957031,6.78,4.25,6.25,14.991096496582031,,7.777105331420898,8.550349235534668,5.617504596710205,5.6,131794.0,188.9,79.831,1828.0
2004-07-01,1.29,,,6291.1,2.68,4.5,5.31,1.82,1101.719970703125,10139.7099609375,15.319999694824219,,,,11.217743873596191,6.62,4.25,6.08,14.671141624450684,,7.303717136383057,8.81381607055664,5.702618598937988,5.5,131854.0,189.1,79.905,2002.0
2004-08-01,1.55,,,6317.8,2.41,4.13,5.01,1.72,1104.239990234375,10173.919921875,15.289999961853027,,,,11.613877296447754,6.46,4.5,5.82,15.148448944091797,,6.980607509613037,8.678006172180176,5.9343156814575195,5.4,131939.0,189.2,79.946,2024.0
2004-09-01,1.94,,,6352.2,2.63,4.14,4.97,1.51,1114.5799560546875,10080.26953125,13.34000015258789,,,,12.424145698547363,6.27,4.75,5.72,15.009042739868164,,7.183487892150879,9.525239944458008,5.97198486328125,5.4,132089.0,189.8,80.104,1905.0
2004-10-01,1.79,,,6379.8,2.56,4.05,4.87,1.49,1130.199951171875,10027.4697265625,16.270000457763672,,,,12.777783393859863,6.21,4.75,5.64,15.088143348693848,,7.499080657958984,9.582504272460938,6.262836933135986,5.5,132429.0,190.8,80.448,2072.0
2004-11-01,2.02,,,6406.3,3.02,4.36,5.07,1.34,1173.8199462890625,10428.01953125,13.239999771118164,45.119998931884766,,,14.049004554748535,6.2,5.0,5.72,15.55750560760498,,7.8823018074035645,10.228793144226074,6.54176664352417,5.4,132503.0,191.7,80.758,1782.0
2004-12-01,1.97,,,6424.5,3.08,4.24,4.86,1.16,1211.9200439453125,10783.009765625,13.289999961853027,43.79999923706055,,,14.715775489807129,6.15,5.25,5.81,16.200721740722656,,8.088543891906738,9.94027042388916,6.702888011932373,5.4,132630.0,191.7,80.801,2042.0
2005-01-01,2.5,,,6430.8,3.29,4.14,4.62,0.85,1181.27001953125,10489.9404296875,12.819999694824219,42.220001220703125,,,14.637765884399414,6.02,5.25,5.66,15.850491523742676,,7.63258171081543,10.276902198791504,6.8448896408081055,5.3,132781.0,191.6,80.907,2144.0
2005-02-01,2.52,,,6438.9,3.59,4.36,4.71,0.77,1203.5999755859375,10766.23046875,12.079999923706055,43.529998779296875,,,16.055028915405273,5.82,5.5,5.69,15.744368553161621,,7.644079208374023,12.001120567321777,6.991703987121582,5.4,133034.0,192.4,81.132,2207.0
2005-03-01,2.96,,,6448.3,3.8,4.5,4.76,0.7,1180.5899658203125,10503.759765625,14.020000457763672,42.81999969482422,,,14.785038948059082,6.06,5.75,6.04,15.145325660705566,,7.494641304016113,11.771978378295898,7.069022178649902,5.2,133154.0,193.1,81.375,1864.0
2005-04-01,2.97,,,6461.8,3.66,4.21,4.53,0.55,1156.8499755859375,10192.509765625,15.3100004196167,43.349998474121094,,,14.6005859375,6.05,5.75,5.78,15.172009468078613,,7.230263710021973,11.13491153717041,7.287275314331055,5.2,133520.0,193.7,81.603,2061.0
2005-05-01,3.09,,,6479.0,3.6,4.0,4.36,0.4,1191.5,10467.48046875,13.289999961853027,41.650001525878906,,,15.062074661254883,6.01,6.0,5.65,15.620121002197266,,7.732205390930176,11.445206642150879,7.2824249267578125,5.1,133689.0,193.6,81.649,2025.0
2005-06-01,3.35,,,6511.7,3.66,3.94,4.19,0.28,1191.3299560546875,10274.9697265625,12.039999961853027,43.439998626708984,,,15.659892082214355,5.86,6.25,5.53,15.814826965332031,,7.63258171081543,12.24399185180664,7.71597957611084,5.0,133948.0,193.7,81.7,2068.0
2005-07-01,3.31,,,6543.5,4.02,4.28,4.42,0.26,1234.1800537109375,10640.91015625,11.569999694824219,42.81999969482422,,,16.862815856933594,5.95,6.25,5.77,16.061677932739258,,8.065557479858398,13.111678123474121,7.889566898345947,5.0,134300.0,194.9,82.046,2054.0
2005-08-01,3.63,,,6576.3,3.84,4.02,4.23,0.18,1220.3299560546875,10481.599609375,12.600000381469727,43.400001525878906,,,17.085899353027344,5.96,6.5,5.77,15.79871940612793,,7.98892068862915,13.949060440063477,7.940907955169678,4.9,134502.0,196.1,82.377,2095.0
2005-09-01,3.93,,,6610.1,4.18,4.34,4.53,0.16,1228.81005859375,10568.7001953125,11.920000076293945,46.70000076293945,,,18.56439971923828,6.03,6.75,5.91,15.933929443359375,,8.008082389831543,14.82595443725586,8.276668548583984,5.0,134552.0,198.8,83.172,2151.0
2005-10-01,4.02,,,6643.9,4.4,4.57,4.73,0.17,1207.010009765625,10440.0703125,15.319999694824219,46.400001525878906,,,17.387727737426758,6.3,6.75,6.15,16.419727325439453,,7.824162006378174,13.486174583435059,7.7470622062683105,5.0,134641.0,199.1,83.305,2065.0
2005-11-01,4.03,,,6660.7,4.42,4.49,4.66,0.07,1249.47998046875,10805.8701171875,12.0600004196167,49.099998474121094,,,18.393802642822266,6.39,7.0,6.28,17.20238494873047,,8.318445205688477,13.687835693359375,7.7347493171691895,5.0,134997.0,198.1,83.131,2147.0
2005-12-01,4.09,,,6687.8,4.41,4.39,4.51,-0.02,1248.2900390625,10717.5,12.069999694824219,51.58000183105469,,,19.51692008972168,6.32,7.25,6.22,17.205888748168945,,8.062947273254395,13.934160232543945,7.801202297210693,4.9,135159.0,198.1,83.131,1994.0
2006-01-01,4.47,,,6730.1,4.54,4.53,4.69,-0.01,1280.0799560546875,10864.8603515625,12.949999809265137,56.70000076293945,,,22.287988662719727,6.24,7.5,6.12,17.358007431030273,,8.332998275756836,15.969854354858398,7.990081787109375,4.7,135427.0,199.3,83.534,2273.0
2006-02-01,4.52,,,6754.7,4.69,4.55,4.51,-0.14,1280.6600341796875,10993.41015625,12.34000015258789,56.06999969482422,,,21.42991065979004,6.27,7.5,6.26,17.72744369506836,,8.352285385131836,14.496389389038086,8.094461441040039,4.8,135733.0,199.4,83.584,2119.0
2006-03-01,5.0,,,6769.3,4.82,4.86,4.9,0.04,1294.8699951171875,11109.3203125,11.390000343322754,58.099998474121094,,,21.894330978393555,6.41,7.75,6.35,17.77882194519043,,8.54132080078125,15.111581802368164,7.7195634841918945,4.7,136038.0,199.7,83.746,1969.0
2006-04-01,4.86,,,6806.9,4.87,5.07,5.17,0.2,1310.6099853515625,11367.1396484375,11.59000015258789,65.08999633789062,,,23.320783615112305,6.68,7.75,6.58,18.54896354675293,,8.429443359375,15.872718811035156,7.8422532081604,4.7,136210.0,200.7,84.135,1821.0
2006-05-01,5.05,,,6813.7,5.04,5.12,5.21,0.08,1270.0899658203125,11168.3095703125,16.440000534057617,64.2300033569336,,,20.722211837768555,6.75,8.0,6.62,17.849824905395508,,7.881625175476074,15.431042671203613,7.969954013824463,4.6,136249.0,201.3,84.361,1942.0
2006-06-01,5.05,,,6851.8,5.16,5.15,5.19,-0.01,1270.199951171875,11150.2197265625,13.079999923706055,61.22999954223633,,,20.766443252563477,6.78,8.25,6.78,17.767263412475586,,7.843050479888916,15.822712898254395,8.152822494506836,4.6,136337.0,201.8,84.569,1802.0
2006-07-01,5.31,,,6893.6,4.97,4.99,5.07,0.02,1276.6600341796875,11185.6796875,14.949999809265137,63.15999984741211,,,21.252986907958984,6.76,8.25,6.72,18.1738224029541,,7.638581275939941,16.35246467590332,8.54417610168457,4.7,136529.0,202.9,84.858,1737.0
2006-08-01,5.31,,,6925.1,4.79,4.74,4.88,-0.05,1303.8199462890625,11381.150390625,12.3100004196167,62.290000915527344,,,21.589139938354492,6.59,8.25,6.44,18.388086318969727,,8.174823760986328,15.521595001220703,8.7789888381958,4.7,136692.0,203.8,85.125,1650.0
2006-09-01,5.34,,,6952.4,4.71,4.64,4.77,-0.07,1335.8499755859375,11679.0703125,11.979999542236328,59.470001220703125,,,21.40115737915039,6.43,8.25,6.31,19.12826156616211,,8.50456714630127,14.9536714553833,8.651298522949219,4.5,136826.0,202.8,84.902,1720.0
2006-10-01,5.31,,,7001.7,4.71,4.61,4.72,-0.1,1377.93994140625,12080.73046875,11.100000381469727,60.2400016784668,,,22.91164207458496,6.42,8.25,6.4,19.5758056640625,,8.8408784866333,15.59154224395752,9.109447479248047,4.4,136843.0,201.9,84.702,1491.0
2006-11-01,5.31,,,7037.2,4.62,4.46,4.56,-0.16,1400.6300048828125,12221.9296875,10.90999984741211,64.38999938964844,,,24.282800674438477,6.2,8.25,6.14,19.713924407958984,,9.092154502868652,16.928844451904297,9.351243019104004,4.5,137060.0,202.0,84.731,1570.0
2006-12-01,5.17,,,7080.1,4.82,4.71,4.81,-0.11,1418.300048828125,12463.150390625,11.5600004196167,63.209999084472656,,,25.608598709106445,6.22,8.25,6.18,20.45585060119629,,9.043177604675293,16.45189666748047,9.431085586547852,4.4,137249.0,203.1,85.032,1649.0
2007-01-01,5.33,,,7118.3,4.94,4.83,4.93,-0.11,1438.239990234375,12621.6904296875,10.420000076293945,64.83000183105469,,,25.63775062561035,6.34,8.25,6.25,20.645145416259766,,9.225906372070312,16.300369262695312,9.397698402404785,4.6,137472.0,203.437,85.316,1409.0
2007-02-01,5.41,,,7134.3,4.65,4.56,4.68,-0.09,1406.8199462890625,12268.6298828125,15.420000076293945,66.4800033569336,,,24.807836532592773,6.28,8.25,6.22,20.0159969329834,,8.977082252502441,15.966451644897461,9.895964622497559,4.5,137560.0,204.226,85.581,1480.0
2007-03-01,5.3,,,7168.2,4.58,4.65,4.84,0.07,1420.8599853515625,12354.349609375,14.640000343322754,65.73999786376953,,30.896272659301758,26.13121795654297,6.27,8.25,6.16,19.921340942382812,,9.06650447845459,16.970388412475586,10.25150203704834,4.4,137784.0,205.288,85.894,1495.0
2007-04-01,5.29,,,7240.7,4.6,4.63,4.81,0.03,1482.3699951171875,13062.91015625,14.220000267028809,67.08999633789062,,32.115234375,27.10469627380371,6.39,8.25,6.16,20.692930221557617,,9.494170188903809,17.840307235717773,10.75504207611084,4.5,137847.0,205.904,86.096,1490.0
2007-05-01,5.28,,,7254.6,4.92,4.9,5.01,-0.02,1530.6199951171875,13627.6396484375,13.050000190734863,65.54000091552734,,33.18183517456055,28.477428436279297,6.39,8.25,6.42,21.190540313720703,,9.972375869750977,19.228229522705078,10.804105758666992,4.4,137992.0,206.755,86.346,1415.0
2007-06-01,5.31,,,7287.8,4.87,5.03,5.12,0.16,1503.3499755859375,13408.6201171875,16.229999542236328,64.2699966430664,,33.40453338623047,29.524919509887695,6.7,8.25,6.67,20.33945083618164,,9.959930419921875,19.47887420654297,10.291211128234863,4.6,138070.0,207.234,86.529,1448.0
2007-07-01,5.28,,,7318.7,4.56,4.78,4.92,0.22,1455.27001953125,13211.990234375,23.520000457763672,65.79000091552734,,33.01774597167969,29.735759735107422,6.65,8.25,6.69,18.495512008666992,,9.940470695495605,19.481700897216797,9.88039779663086,4.7,138044.0,207.603,86.661,1354.0
2007-08-01,4.96,,,7394.8,4.15,4.54,4.83,0.39,1473.989990234375,13357.740234375,23.3799991607666,66.5199966430664,,32.95329284667969,30.0452880859375,6.65,8.25,6.45,18.973358154296875,,10.131111145019531,19.716045379638672,10.036397933959961,4.6,138013.0,207.667,86.72,1330.0
2007-09-01,4.58,,,7413.0,3.97,4.59,4.83,0.62,1526.75,13895.6298828125,18.0,73.51000213623047,,34.981014251708984,33.5219841003418,6.59,7.75,6.42,19.43655776977539,,10.513911247253418,21.17486572265625,10.421417236328125,4.7,138099.0,208.547,87.054,1183.0
2007-10-01,4.6,,,7428.1,3.94,4.48,4.74,0.54,1549.3800048828125,13930.009765625,18.530000686645508,78.62000274658203,,37.207969665527344,37.50109100341797,6.48,7.5,6.33,19.102420806884766,,11.071382522583008,21.712726593017578,11.115312576293945,4.7,138175.0,209.19,87.318,1264.0
2007-11-01,4.66,,,7453.6,3.04,3.97,4.4,0.93,1481.1400146484375,13371.7197265625,22.8700008392334,77.31999969482422,,35.36192321777344,34.632266998291016,6.4,7.5,6.1,17.556331634521484,,10.237128257751465,20.79836654663086,11.188623428344727,4.7,138290.0,210.834,87.781,1197.0
2007-12-01,3.06,,,7483.9,3.05,4.04,4.45,0.99,1468.3599853515625,13264.8203125,22.5,82.45999908447266,,34.648597717285156,34.145111083984375,6.65,7.25,6.17,16.533292770385742,,10.440983772277832,22.520732879638672,11.16834831237793,5.0,138395.0,211.445,87.984,1037.0
2008-01-01,3.22,,,7517.5,2.17,3.67,4.35,1.5,1378.550048828125,12650.3603515625,26.200000762939453,91.4000015258789,,31.964677810668945,31.098636627197266,6.54,6.0,5.68,16.65329933166504,,9.105504989624023,19.7535400390625,10.347804069519043,5.0,138391.0,212.174,88.206,1084.0
2008-02-01,3.01,,,7604.0,1.65,3.53,4.41,1.88,1330.6300048828125,12266.3896484375,26.540000915527344,96.18000030517578,,31.893728256225586,31.718839645385742,6.82,6.0,6.24,14.761665344238281,,8.67470932006836,21.584157943725586,9.923026084899902,4.9,138329.0,212.687,88.382,1103.0
2008-03-01,2.51,,,7670.0,1.62,3.45,4.3,1.83,1322.699951171875,12262.8896484375,25.610000610351562,90.41000366210938,,31.864179611206055,30.52840232849121,6.89,5.25,5.85,14.32764720916748,,8.774989128112793,21.079879760742188,10.082316398620605,5.1,138259.0,213.448,88.635,1005.0
2008-04-01,2.37,,,7712.5,2.29,3.77,4.49,1.48,1385.5899658203125,12820.1298828125,20.790000915527344,86.6500015258789,,33.75001907348633,33.318172454833984,6.97,5.0,6.03,15.330061912536621,,9.323430061340332,23.268712997436523,10.597858428955078,5.0,138040.0,213.942,88.799,1013.0
2008-05-01,1.98,,,7725.2,2.66,4.06,4.72,1.4,1400.3800048828125,12638.3203125,17.829999923706055,87.44999694824219,,34.22886657714844,34.37229919433594,6.93,5.0,6.08,14.264277458190918,,9.930627822875977,24.4783935546875,10.977869987487793,5.4,137851.0,215.208,89.18,973.0
2008-06-01,2.47,,,7743.9,2.63,3.99,4.53,1.36,1280.0,11350.009765625,23.950000762939453,91.4000015258789,,31.361677169799805,31.186155319213867,7.07,5.0,6.45,11.775248527526855,,9.000389099121094,25.25078773498535,10.895942687988281,5.6,137700.0,217.463,89.827,1046.0
2008-07-01,2.09,,,7791.2,2.52,3.99,4.59,1.47,1267.3800048828125,11378.01953125,22.940000534057617,90.08000183105469,,30.208885192871094,29.46967887878418,7.16,5.0,6.52,12.571495056152344,,8.780391693115234,21.23257827758789,10.194530487060547,5.8,137497.0,219.016,90.245,923.0
2008-08-01,1.94,,,7805.8,2.36,3.83,4.43,1.47,1282.8299560546875,11543.9599609375,20.649999618530273,81.70999908447266,,28.665943145751953,27.60843276977539,7.15,5.0,6.4,12.449446678161621,,8.937535285949707,21.30393409729004,10.082093238830566,6.1,137211.0,218.69,90.172,844.0
2008-09-01,2.03,,,7872.4,2.0,3.85,4.31,1.85,1166.3599853515625,10850.66015625,39.38999938964844,85.06999969482422,,25.089338302612305,23.555057525634766,7.31,5.0,6.09,11.671019554138184,,7.824993133544922,18.12306785583496,8.97482681274414,6.1,136760.0,218.877,90.247,820.0
2008-10-01,0.22,,,7974.9,1.56,4.01,4.35,2.45,968.75,9325.009765625,59.88999938964844,71.33999633789062,,19.37862205505371,17.5301456451416,8.88,4.0,6.46,9.112664222717285,,6.563531875610352,14.716042518615723,7.8080735206604,6.5,136291.0,216.995,89.651,777.0
2008-11-01,0.52,,,8027.0,1.0,2.93,3.45,1.93,896.239990234375,8829.0400390625,55.279998779296875,80.30999755859375,,18.066221237182617,15.82056713104248,9.21,4.0,5.97,7.428613185882568,,6.01164436340332,14.395387649536133,8.134871482849121,6.8,135541.0,213.153,88.593,652.0
2008-12-01,0.14,0.0,0.25,8204.7,0.76,2.25,2.69,1.49,903.25,8776.3896484375,40.0,86.5199966430664,,19.599496841430664,17.455385208129883,8.43,3.25,5.1,7.456148624420166,,6.107217311859131,13.747711181640625,7.9395551681518555,7.3,134847.0,211.398,88.098,560.0
2009-01-01,0.23,0.0,0.25,8289.0,0.94,2.87,3.58,1.93,825.8800048828125,8000.85986328125,44.84000015258789,91.30999755859375,,17.052532196044922,15.833576202392578,8.14,3.25,5.1,5.502780437469482,,5.817908763885498,13.50308895111084,7.925878047943115,7.8,134079.0,211.933,88.108,490.0
2009-02-01,0.22,0.0,0.25,8319.3,1.0,3.02,3.71,2.02,735.0900268554688,7062.93017578125,46.349998474121094,92.62999725341797,,15.481905937194824,14.840920448303223,8.08,3.25,5.07,4.526095390319824,,5.59597110748291,11.836791038513184,6.933093547821045,8.3,133318.0,212.705,88.266,582.0
2009-03-01,0.16,0.0,0.25,8386.4,0.81,2.71,3.56,1.9,797.8699951171875,7608.919921875,44.13999938964844,90.27999877929688,,17.052532196044922,17.343534469604492,8.42,3.25,4.85,5.299324035644531,,6.221656322479248,12.282355308532715,7.064982891082764,8.7,132494.0,212.495,88.169,505.0
2009-04-01,0.2,0.0,0.25,8391.1,0.91,3.16,4.05,2.25,872.8099975585938,8168.1201171875,36.5,87.2699966430664,,19.30841827392578,20.041881561279297,8.39,3.25,4.78,6.454230785369873,,6.870906829833984,13.242728233337402,7.147938251495361,9.0,131822.0,212.709,88.295,478.0
2009-05-01,0.19,0.0,0.25,8449.2,0.92,3.47,4.34,2.55,919.1400146484375,8500.330078125,28.920000076293945,96.19999694824219,,22.237422943115234,23.236562728881836,8.06,3.25,4.91,7.356503963470459,,7.030231952667236,14.94941234588623,7.402334213256836,9.4,131466.0,213.022,88.387,540.0
2009-06-01,0.22,0.0,0.25,8459.3,1.11,3.53,4.32,2.42,919.3200073242188,8447.0,26.350000381469727,91.18000030517578,,21.776538848876953,22.71385383605957,7.5,3.25,5.42,7.2251434326171875,,7.28610897064209,13.970391273498535,7.799960136413574,9.5,131008.0,214.79,88.912,585.0
2009-07-01,0.18,0.0,0.25,8463.5,1.13,3.52,4.31,2.39,987.47998046875,9171.6103515625,25.920000076293945,93.3499984741211,,24.087007522583008,25.2156982421875,7.09,3.25,5.25,7.866033554077148,,7.882286071777344,14.717616081237793,8.093613624572754,9.5,130662.0,214.726,88.922,594.0
2009-08-01,0.15,0.0,0.25,8463.0,0.97,3.4,4.18,2.43,1020.6199951171875,9496.2802734375,26.010000228881836,93.4000015258789,,24.790451049804688,24.88446617126465,6.58,3.25,5.14,8.887833595275879,,8.010322570800781,14.877522468566895,8.174715995788574,9.6,130472.0,215.445,89.18,586.0
2009-09-01,0.07,0.0,0.25,8461.6,0.95,3.31,4.03,2.36,1057.0799560546875,9712.2802734375,25.610000610351562,98.8499984741211,,26.197343826293945,27.421541213989258,6.31,3.25,5.04,9.06093978881836,,8.381385803222656,15.746723175048828,8.287359237670898,9.8,130246.0,215.861,89.324,585.0
2009-10-01,0.11,0.0,0.25,8487.9,0.9,3.41,4.23,2.51,1036.18994140625,9712.73046875,30.690000534057617,102.52999877929688,,25.366552352905273,26.477190017700195,6.29,3.25,5.03,8.521166801452637,,8.276973724365234,16.1351318359375,8.021758079528809,10.0,130061.0,216.509,89.663,534.0
2009-11-01,0.13,0.0,0.25,8517.0,0.67,3.21,4.2,2.54,1095.6300048828125,10344.83984375,24.510000228881836,115.63999938964844,,26.597576141357422,28.556177139282227,6.32,3.25,4.78,8.891121864318848,,8.734798431396484,16.593637466430664,8.408862113952637,9.9,130057.0,217.234,89.887,588.0
2009-12-01,0.05,0.0,0.25,8512.2,1.14,3.85,4.63,2.71,1115.0999755859375,10428.0498046875,21.68000030517578,107.30999755859375,,26.970922470092773,29.491622924804688,6.37,3.25,5.14,8.765854835510254,,9.241750717163086,16.7397403717041,8.868940353393555,9.9,129808.0,217.347,89.939,581.0
2010-01-01,0.12,0.0,0.25,8477.7,0.82,3.63,4.51,2.81,1073.8699951171875,10067.330078125,24.6200008392334,105.95999908447266,,25.418582916259766,27.2033634185791,6.25,3.25,4.98,8.63193130493164,,8.44775676727295,16.002729415893555,8.4429349899292,9.8,129802.0,217.488,90.136,614.0
2010-02-01,0.13,0.0,0.25,8527.3,0.81,3.61,4.55,2.8,1104.489990234375,10325.259765625,19.5,109.43000030517578,,25.752553939819336,27.686609268188477,6.34,3.25,5.05,8.936302185058594,,8.741973876953125,16.484275817871094,8.331427574157715,9.8,129706.0,217.281,90.134,604.0
2010-03-01,0.09,0.0,0.25,8523.5,1.02,3.84,4.72,2.82,1169.4300537109375,10856.6298828125,17.59000015258789,108.94999694824219,,27.484222412109375,29.93222999572754,6.27,3.25,4.99,9.731534004211426,,9.339906692504883,16.948625564575195,8.555590629577637,9.9,129866.0,217.353,90.261,636.0
2010-04-01,0.2,0.0,0.25,8554.8,0.97,3.69,4.53,2.72,1186.68994140625,11008.6103515625,22.049999237060547,115.36000061035156,,27.00184440612793,29.882476806640625,6.25,3.25,5.06,9.859661102294922,,9.457162857055664,17.652849197387695,8.780585289001465,9.9,130120.0,217.403,90.31,687.0
2010-05-01,0.19,0.0,0.25,8609.0,0.76,3.31,4.22,2.55,1089.4100341796875,10136.6298828125,32.06999969482422,118.87999725341797,,24.0579833984375,27.075450897216797,6.05,3.25,4.78,8.956671714782715,,8.749594688415527,15.631507873535156,8.295981407165527,9.6,130642.0,217.29,90.339,583.0
2010-06-01,0.09,0.0,0.25,8628.1,0.61,2.97,3.91,2.36,1030.7099609375,9774.01953125,34.540000915527344,121.68000030517578,,23.73638916015625,26.696762084960938,6.23,3.25,4.69,8.443570137023926,,8.277411460876465,14.705265045166016,8.237738609313965,9.4,130510.0,217.199,90.301,536.0
2010-07-01,0.18,0.0,0.25,8639.5,0.55,2.94,3.98,2.39,1101.5999755859375,10465.9404296875,23.5,115.48999786376953,,26.290611267089844,29.615385055541992,6.01,3.25,4.54,8.993840217590332,,8.894158363342285,15.936623573303223,8.852802276611328,9.4,130415.0,217.605,90.378,546.0
2010-08-01,0.21,0.0,0.25,8687.9,0.47,2.47,3.52,2.0,1049.3299560546875,10014.7197265625,26.049999237060547,122.08000183105469,,25.387672424316406,28.656816482543945,5.66,3.25,4.36,8.290715217590332,,8.3950777053833,15.155182838439941,8.981060028076172,9.5,130415.0,217.923,90.502,599.0
2010-09-01,0.15,0.0,0.25,8718.7,0.42,2.53,3.69,2.11,1141.199951171875,10788.0498046875,23.700000762939453,127.91000366210938,,28.07795524597168,32.02610397338867,5.66,3.25,4.32,8.793442726135254,,9.374251365661621,16.670026779174805,9.241043090820312,9.5,130341.0,218.275,90.592,594.0
2010-10-01,0.2,0.0,0.25,8768.4,0.34,2.63,3.99,2.29,1183.260009765625,11118.490234375,21.200000762939453,132.6199951171875,,29.086042404174805,32.9918098449707,5.72,3.25,4.23,8.922124862670898,,9.915857315063477,17.615642547607422,9.341172218322754,9.4,130620.0,219.035,90.881,543.0
2010-11-01,0.2,0.0,0.25,8789.0,0.45,2.81,4.12,2.36,1180.550048828125,11006.01953125,23.540000915527344,135.4199981689453,,27.892419815063477,32.03325653076172,5.92,3.25,4.4,8.860848426818848,,9.752967834472656,18.647480010986328,9.058464050292969,9.8,130749.0,219.59,91.062,545.0
2010-12-01,0.13,0.0,0.25,8823.2,0.61,3.3,4.34,2.69,1257.6400146484375,11577.509765625,17.75,138.72000122070312,,30.1589298248291,34.364559173583984,6.1,3.25,4.86,9.80933952331543,,10.294806480407715,20.385135650634766,9.339755058288574,9.3,130830.0,220.472,91.268,539.0
2011-01-01,0.17,0.0,0.25,8849.0,0.58,3.42,4.58,2.84,1286.1199951171875,11891.9296875,19.530000686645508,129.8699951171875,,30.399059295654297,33.04451370239258,6.09,3.25,4.8,10.086091041564941,,10.621756553649902,21.84868621826172,9.453003883361816,9.1,130837.0,221.187,91.542,630.0
2011-02-01,0.16,0.0,0.25,8913.3,0.69,3.42,4.49,2.73,1327.219970703125,12226.33984375,18.350000381469727,137.66000366210938,,31.23312759399414,33.030086517333984,6.15,3.25,4.95,10.36284351348877,,10.854710578918457,23.45859718322754,9.56922721862793,9.0,131057.0,221.898,91.797,517.0
2011-03-01,0.1,0.0,0.25,8971.5,0.8,3.47,4.51,2.67,1325.8299560546875,12319.73046875,17.739999771118164,139.86000061035156,,31.16360855102539,35.10755157470703,6.03,3.25,4.86,10.106322288513184,,10.686360359191895,23.900184631347656,9.591360092163086,9.0,131283.0,223.046,92.166,600.0
2011-04-01,0.09,0.0,0.25,9035.1,0.61,3.32,4.4,2.71,1363.6099853515625,12810.5400390625,14.75,152.3699951171875,,32.86332321166992,36.06692886352539,6.02,3.25,4.78,10.100154876708984,,10.965204238891602,24.118967056274414,9.97959041595459,9.1,131597.0,224.093,92.557,554.0
2011-05-01,0.1,0.0,0.25,9107.8,0.45,3.05,4.22,2.6,1345.199951171875,12569.7900390625,15.449999809265137,149.63999938964844,,31.820741653442383,35.006561279296875,5.78,3.25,4.6,9.767184257507324,,10.850382804870605,23.109010696411133,10.193266868591309,9.0,131703.0,224.806,92.838,561.0
2011-06-01,0.07,0.0,0.25,9182.1,0.45,3.18,4.38,2.73,1320.6400146484375,12414.33984375,16.520000457763672,146.0,,31.473224639892578,34.6790771484375,5.75,3.25,4.51,9.499035835266113,,10.580939292907715,22.664827346801758,10.178606986999512,9.1,131931.0,224.806,92.819,608.0
2011-07-01,0.11,0.0,0.25,9344.2,0.36,2.82,4.12,2.46,1292.280029296875,12143.240234375,25.25,158.2899932861328,,30.72763442993164,34.32208251953125,5.76,3.25,4.55,9.158679962158203,,10.626227378845215,22.99569320678711,10.084357261657715,9.0,131992.0,225.395,92.977,623.0
2011-08-01,0.08,0.0,0.25,9531.0,0.2,2.23,3.6,2.03,1218.8900146484375,11613.5302734375,31.6200008392334,177.72000122070312,,28.124330520629883,31.14560890197754,5.36,3.25,4.22,8.279938697814941,,10.062182426452637,20.646493911743164,10.303252220153809,9.0,132125.0,226.106,93.196,585.0
2011-09-01,0.06,0.0,0.25,9551.5,0.25,1.92,2.9,1.67,1131.4200439453125,10913.3798828125,42.959999084472656,158.05999755859375,,24.46583366394043,25.572179794311523,5.27,3.25,4.01,7.336770534515381,,9.753314971923828,17.668554306030273,10.325515747070312,9.0,132344.0,226.597,93.327,650.0
2011-10-01,0.09,0.0,0.25,9584.4,0.25,2.17,3.16,1.92,1253.300048828125,11955.009765625,29.959999084472656,167.33999633789062,,27.27762794494629,29.732208251953125,5.37,3.25,4.1,8.386655807495117,,10.749311447143555,21.05068016052246,10.703277587890625,8.8,132553.0,226.75,93.329,610.0
2011-11-01,0.1,0.0,0.25,9636.5,0.25,2.08,3.06,1.83,1246.9599609375,12045.6796875,27.799999237060547,170.1300048828125,,26.576265335083008,29.149368286132812,5.14,3.25,3.98,7.958003997802734,,10.588134765625,21.400964736938477,10.813848495483398,8.6,132690.0,227.169,93.52,711.0
2011-12-01,0.04,0.0,0.25,9683.9,0.25,1.89,2.89,1.64,1257.5999755859375,12217.5595703125,23.399999618530273,151.99000549316406,,25.928625106811523,27.90620231628418,5.25,3.25,3.95,8.127767562866211,,10.563899993896484,20.963884353637695,11.174095153808594,8.5,132888.0,227.223,93.574,694.0
2012-01-01,0.11,0.0,0.25,9757.6,0.22,1.83,2.94,1.61,1312.4100341796875,12632.91015625,19.440000534057617,169.30999755859375,,27.707338333129883,30.973386764526367,5.23,3.25,3.98,8.790493965148926,,11.219730377197266,21.43696403503418,10.770364761352539,8.3,133246.0,227.842,93.894,723.0
2012-02-01,0.1,0.0,0.25,9809.8,0.3,1.98,3.08,1.68,1365.6800537109375,12952.0703125,18.43000030517578,164.2899932861328,,29.178688049316406,32.60626983642578,5.14,3.25,3.95,9.228139877319336,,12.016692161560059,22.707592010498047,10.835579872131348,8.3,133509.0,228.329,94.104,704.0
2012-03-01,0.09,0.0,0.25,9853.9,0.33,2.23,3.35,1.9,1408.469970703125,13212.0400390625,15.5,162.1199951171875,,28.917112350463867,31.591236114501953,5.23,3.25,3.99,9.909906387329102,,12.559148788452148,21.842453002929688,10.982833862304688,8.2,133748.0,228.807,94.284,695.0
2012-04-01,0.16,0.0,0.25,9907.7,0.27,1.95,3.12,1.68,1397.9100341796875,13213.6298828125,17.149999618530273,161.8800048828125,,28.39396858215332,31.054288864135742,5.19,3.25,3.88,9.677835464477539,,12.417567253112793,21.68719482421875,11.177162170410156,8.2,133825.0,229.187,94.408,753.0
2012-05-01,0.16,0.0,0.25,9951.4,0.27,1.59,2.67,1.32,1310.3299560546875,12393.4501953125,24.059999465942383,151.6199951171875,,25.15697479248047,27.72967529296875,5.07,3.25,3.75,8.787200927734375,,11.630537033081055,19.370529174804688,11.239852905273438,8.2,133932.0,228.713,94.302,708.0
2012-06-01,0.09,0.0,0.25,10021.6,0.33,1.67,2.76,1.34,1362.1600341796875,12880.08984375,17.079999923706055,155.19000244140625,,26.798357009887695,29.12596321105957,5.02,3.25,3.66,9.22649097442627,,12.010124206542969,20.3022403717041,11.70194149017334,8.2,134013.0,228.524,94.254,757.0
2012-07-01,0.13,0.0,0.25,10074.5,0.23,1.51,2.56,1.28,1379.3199462890625,13008.6796875,18.93000030517578,156.49000549316406,,26.929155349731445,29.118518829345703,4.87,3.25,3.49,9.239097595214844,,12.23168659210205,21.30558204650879,11.996147155761719,8.2,134157.0,228.59,94.288,740.0
2012-08-01,0.13,0.0,0.25,10145.6,0.22,1.57,2.68,1.35,1406.5799560546875,13090.83984375,17.469999313354492,164.22000122070312,,27.641939163208008,29.23761749267578,4.91,3.25,3.59,9.554207801818848,,12.745868682861328,21.88066291809082,11.499471664428711,8.1,134339.0,229.918,94.605,754.0
2012-09-01,0.09,0.0,0.25,10226.1,0.23,1.65,2.82,1.42,1440.6700439453125,13437.1298828125,15.729999542236328,171.88999938964844,,28.604679107666016,30.763511657714844,4.84,3.25,3.4,9.866029739379883,,12.941235542297363,22.562429428100586,11.633936882019043,7.8,134517.0,231.015,94.893,847.0
2012-10-01,0.18,0.0,0.25,10292.4,0.3,1.72,2.85,1.42,1412.1600341796875,13096.4599609375,18.600000381469727,166.8300018310547,,28.824417114257812,30.629531860351562,4.58,3.25,3.41,10.062211036682129,,12.11850643157959,22.10460662841797,11.79698371887207,7.8,134669.0,231.638,95.174,915.0
2012-11-01,0.16,0.0,0.25,10361.9,0.25,1.62,2.81,1.37,1416.1800537109375,13025.580078125,15.869999885559082,166.0500030517578,,29.343774795532227,31.10590171813965,4.51,3.25,3.32,9.973617553710938,,12.227643013000488,21.834213256835938,11.291850090026855,7.7,134825.0,231.249,95.109,833.0
2012-12-01,0.09,0.0,0.25,10484.1,0.25,1.78,2.95,1.53,1426.18994140625,13104.1396484375,18.020000457763672,162.02000427246094,,30.82935333251953,33.22223663330078,4.63,3.25,3.35,10.437307357788086,,12.179779052734375,22.05664825439453,11.289977073669434,7.9,135074.0,231.221,95.094,976.0
2013-01-01,0.15,0.0,0.25,10508.1,0.27,2.02,3.17,1.75,1498.1099853515625,13860.580078125,14.279999732971191,161.1999969482422,,31.57735824584961,33.124839782714844,4.73,3.25,3.53,11.06774616241455,,12.411975860595703,23.888011932373047,11.826675415039062,8.0,135257.0,231.679,95.275,888.0
2013-02-01,0.14,0.0,0.25,10527.5,0.25,1.89,3.1,1.64,1514.6800537109375,14054.490234375,15.510000228881836,153.0,,31.139347076416016,32.368255615234375,4.85,3.25,3.51,11.201475143432617,,12.509072303771973,23.993019104003906,12.101480484008789,7.7,135546.0,232.937,95.614,962.0
2013-03-01,0.09,0.0,0.25,10583.8,0.25,1.87,3.1,1.62,1569.18994140625,14578.5400390625,12.699999809265137,154.4499969482422,,31.333423614501953,32.038665771484375,4.85,3.25,3.57,11.63539981842041,,12.831523895263672,24.60308837890625,12.751204490661621,7.5,135689.0,232.282,95.488,1010.0
2013-04-01,0.14,0.0,0.25,10611.3,0.22,1.7,2.88,1.48,1597.5699462890625,14839.7998046875,13.520000457763672,142.77000427246094,,32.50944519042969,32.42819595336914,4.59,3.25,3.4,11.948484420776367,,13.05618953704834,24.280460357666016,13.511059761047363,7.6,135873.0,231.797,95.391,835.0
2013-05-01,0.09,0.0,0.25,10646.1,0.3,2.16,3.3,1.86,1630.739990234375,15115.5703125,16.299999237060547,133.9199981689453,,31.43480682373047,30.862590789794922,4.73,3.25,3.81,12.676898002624512,,13.42074966430664,24.97223663330078,12.28812026977539,7.5,136096.0,231.893,95.461,930.0
2013-06-01,0.07,0.0,0.25,10703.3,0.36,2.52,3.52,2.16,1606.280029296875,14909.599609375,16.860000610351562,119.11000061035156,,30.30029296875,29.218921661376953,5.19,3.25,4.46,12.477797508239746,,13.032652854919434,24.406185150146484,12.398037910461426,7.5,136279.0,232.445,95.673,839.0
2013-07-01,0.09,0.0,0.25,10742.8,0.31,2.6,3.64,2.29,1685.72998046875,15499.5400390625,13.449999809265137,127.95999908447266,,31.725561141967773,29.605974197387695,5.32,3.25,4.31,13.144994735717773,,13.518345832824707,25.690387725830078,12.935075759887695,7.3,136391.0,232.9,95.792,880.0
2013-08-01,0.07,0.0,0.25,10801.2,0.39,2.78,3.7,2.39,1632.969970703125,14810.3095703125,17.010000228881836,134.6199951171875,,31.09515380859375,28.85463523864746,5.42,3.25,4.51,12.471384048461914,,13.377745628356934,25.425443649291992,12.289308547973633,7.2,136646.0,233.456,95.934,917.0
2013-09-01,0.06,0.0,0.25,10862.0,0.33,2.64,3.69,2.31,1681.550048828125,15129.669921875,16.600000381469727,128.17999267578125,,33.451683044433594,30.934104919433594,5.47,3.25,4.32,12.823275566101074,,13.716485977172852,25.962997436523438,12.430312156677246,7.2,136821.0,233.544,95.976,850.0
2013-10-01,0.07,0.0,0.25,10986.3,0.31,2.57,3.63,2.26,1756.5400390625,15545.75,13.75,127.73999786376953,,34.56674575805664,32.22429656982422,5.31,3.25,4.1,13.248356819152832,,14.405736923217773,27.052749633789062,12.899316787719727,7.2,137041.0,233.669,96.103,925.0
2013-11-01,0.07,0.0,0.25,10995.6,0.28,2.75,3.82,2.47,1805.81005859375,16086.41015625,13.699999809265137,120.69999694824219,,34.68375778198242,32.140811920166016,5.38,3.25,4.29,13.834453582763672,,14.85096549987793,27.068403244018555,12.649847030639648,6.9,137317.0,234.1,96.246,1100.0
2013-12-01,0.07,0.0,0.25,11060.1,0.38,3.04,3.96,2.66,1848.3599853515625,16576.66015625,13.720000267028809,116.12000274658203,,35.19304656982422,32.0101203918457,5.38,3.25,4.48,14.145394325256348,,15.375897407531738,27.84572410583496,12.765091896057129,6.7,137372.0,234.719,96.414,1002.0
2014-01-01,0.07,0.0,0.25,11130.8,0.34,2.67,3.61,2.33,1782.5899658203125,15698.849609375,18.40999984741211,120.08999633789062,,33.153465270996094,29.245615005493164,5.19,3.25,4.32,13.627726554870605,,14.980101585388184,26.231792449951172,13.144986152648926,6.6,137561.0,235.288,96.614,888.0
2014-02-01,0.06,0.0,0.25,11196.8,0.33,2.66,3.59,2.33,1859.449951171875,16321.7099609375,14.0,127.62000274658203,,35.01960372924805,30.233489990234375,5.1,3.25,4.37,14.041869163513184,,15.638333320617676,27.575164794921875,13.598840713500977,6.7,137712.0,235.547,96.66,944.0
2014-03-01,0.06,0.0,0.25,11232.6,0.44,2.73,3.56,2.29,1872.3399658203125,16457.66015625,13.880000114440918,123.61000061035156,,35.18400192260742,31.4051513671875,5.06,3.25,4.4,14.509571075439453,,15.705606460571289,28.156553268432617,14.05453109741211,6.7,137985.0,236.028,96.815,970.0
2014-04-01,0.09,0.0,0.25,11277.7,0.42,2.67,3.47,2.25,1883.949951171875,16580.83984375,13.40999984741211,124.22000122070312,,35.70153045654297,31.650205612182617,4.9,3.25,4.33,14.26276969909668,,15.748820304870605,29.63614845275879,14.647764205932617,6.2,138298.0,236.468,96.987,1043.0
2014-05-01,0.08,0.0,0.25,11342.8,0.37,2.48,3.33,2.11,1923.5699462890625,16717.169921875,11.399999618530273,120.43000030517578,,36.386863708496094,32.58447265625,4.76,3.25,4.12,14.477105140686035,,16.34075355529785,30.13250160217285,14.488432884216309,6.3,138513.0,236.918,97.147,1007.0
2014-06-01,0.09,0.0,0.25,11398.1,0.47,2.53,3.34,2.06,1960.22998046875,16826.599609375,11.569999694824219,128.0399932861328,,36.994903564453125,33.36707305908203,4.8,3.25,4.14,14.827825546264648,,16.646137237548828,31.79380989074707,15.132001876831055,6.1,138849.0,237.231,97.253,911.0
2014-07-01,0.08,0.0,0.25,11453.0,0.53,2.58,3.32,2.05,1930.6700439453125,16563.30078125,16.950000762939453,123.38999938964844,,36.45014190673828,33.82246780395508,4.73,3.25,4.12,14.612650871276855,,16.92828369140625,30.69167137145996,14.102920532226562,6.2,139072.0,237.498,97.391,1085.0
2014-08-01,0.07,0.0,0.25,11477.3,0.48,2.35,3.09,1.87,2003.3699951171875,17098.44921875,12.09000015258789,123.86000061035156,,36.818023681640625,34.77956008911133,4.69,3.25,4.1,15.23210334777832,,17.483871459960938,31.36185646057129,14.796951293945312,6.1,139269.0,237.46,97.379,984.0
2014-09-01,0.07,0.0,0.25,11519.1,0.58,2.52,3.21,1.94,1972.2900390625,17042.900390625,16.309999465942383,116.20999908447266,386.9440002441406,35.02311706542969,32.07808303833008,4.8,3.25,4.2,15.17065143585205,,17.393474578857422,28.93087387084961,14.519801139831543,5.9,139563.0,237.477,97.413,1023.0
2014-10-01,0.07,0.0,0.25,11593.1,0.5,2.35,3.07,1.85,2018.050048828125,17390.51953125,14.029999732971191,112.66000366210938,338.3210144042969,35.0942497253418,32.533485412597656,4.69,3.25,3.98,15.609335899353027,,17.672462463378906,27.909257888793945,15.685806274414062,5.7,139798.0,237.43,97.384,1074.0
2014-11-01,0.08,0.0,0.25,11634.2,0.47,2.18,2.89,1.71,2067.56005859375,17828.240234375,13.329999923706055,112.11000061035156,378.0469970703125,34.98045349121094,32.03178024291992,4.79,3.25,3.97,15.976001739501953,,18.522525787353516,25.482919692993164,15.868644714355469,5.8,140089.0,236.983,97.291,1001.0
2014-12-01,0.06,0.0,0.25,11717.6,0.67,2.17,2.75,1.5,2058.89990234375,17823.0703125,19.200000762939453,113.58000183105469,320.1929931640625,33.59797286987305,30.762187957763672,4.74,3.25,3.87,16.2747859954834,,18.11932945251465,25.429197311401367,16.434701919555664,5.6,140364.0,236.252,97.12,1073.0
2015-01-01,0.06,0.0,0.25,11805.2,0.47,1.68,2.25,1.21,1994.989990234375,17164.94921875,20.969999313354492,123.44999694824219,217.46400451660156,33.59080505371094,30.550783157348633,4.45,3.25,3.66,15.14285945892334,,17.483945846557617,24.269540786743164,16.817556381225586,5.7,140568.0,234.747,96.654,1085.0
2015-02-01,0.06,0.0,0.25,11922.8,0.63,2.0,2.6,1.37,2104.5,18132.69921875,13.34000015258789,116.16000366210938,254.26300048828125,35.55535125732422,31.89746856689453,4.51,3.25,3.8,16.024715423583984,,18.881790161132812,25.38422966003418,15.74208927154541,5.5,140827.0,235.342,96.825,886.0
2015-03-01,0.06,0.0,0.25,11920.5,0.56,1.94,2.54,1.38,2067.889892578125,17776.119140625,15.289999961853027,113.66000366210938,244.2239990234375,35.05265426635742,31.419870376586914,4.54,3.25,3.69,15.925992965698242,,18.23309326171875,25.090980529785156,15.585407257080078,5.4,140923.0,235.976,97.008,960.0
2015-04-01,0.08,0.0,0.25,11954.6,0.58,2.05,2.75,1.47,2085.510009765625,17840.51953125,14.550000190734863,113.47000122070312,236.14500427246094,36.71429443359375,33.57298278808594,4.48,3.25,3.68,15.93919849395752,,18.734682083129883,26.74042510986328,15.511747360229492,5.4,141196.0,236.222,97.094,1190.0
2015-05-01,0.08,0.0,0.25,11982.6,0.61,2.12,2.88,1.51,2107.389892578125,18010.6796875,13.84000015258789,114.0999984741211,230.19000244140625,36.33304977416992,32.19498062133789,4.89,3.25,3.87,16.249664306640625,,19.082265853881836,25.35294532775879,15.609968185424805,5.6,141538.0,237.001,97.327,1079.0
2015-06-01,0.08,0.0,0.25,12023.2,0.64,2.35,3.11,1.71,2063.110107421875,17619.509765625,18.229999542236328,112.37000274658203,263.0719909667969,35.31235122680664,31.25139808654785,5.13,3.25,4.02,16.17475128173828,,18.297452926635742,24.46978187561035,14.675862312316895,5.3,141709.0,237.657,97.516,1205.0
2015-07-01,0.08,0.0,0.25,12067.0,0.67,2.2,2.92,1.53,2103.840087890625,17689.859375,12.119999885559082,104.93000030517578,284.6499938964844,35.21051788330078,29.27944564819336,5.2,3.25,3.98,16.725412368774414,,18.818971633911133,22.587995529174805,15.571420669555664,5.2,141991.0,238.034,97.605,1146.0
2015-08-01,0.08,0.0,0.25,12112.0,0.74,2.21,2.95,1.47,1972.1800537109375,16528.029296875,28.43000030517578,108.81999969482422,230.05599975585938,32.48298645019531,26.692256927490234,5.19,3.25,3.84,15.544488906860352,,17.780351638793945,21.6275634765625,15.029833793640137,5.1,142125.0,238.033,97.612,1130.0
2015-09-01,0.07,0.0,0.25,12173.9,0.64,2.06,2.87,1.42,1920.030029296875,16284.7001953125,24.5,106.86000061035156,236.05999755859375,31.173412322998047,25.85615348815918,5.34,3.25,3.86,15.107149124145508,,17.536422729492188,20.07181167602539,15.468326568603516,5.0,142275.0,237.498,97.477,1224.0
2015-10-01,0.07,0.0,0.25,12225.2,0.75,2.16,2.93,1.41,2079.360107421875,17663.5390625,15.069999694824219,109.30000305175781,314.1659851074219,33.25750732421875,27.504703521728516,5.34,3.25,3.76,16.053842544555664,21.559608459472656,19.37885856628418,22.311851501464844,15.632689476013184,5.0,142579.0,237.733,97.477,1058.0
2015-11-01,0.08,0.0,0.25,12317.0,0.94,2.21,2.98,1.27,2080.409912109375,17719.919921875,16.1299991607666,101.91999816894531,377.3210144042969,32.81874084472656,26.810577392578125,5.46,3.25,3.95,16.373855590820312,21.420291900634766,19.516490936279297,22.308570861816406,15.300386428833008,5.1,142808.0,238.017,97.538,1172.0
2015-12-01,0.2,0.25,0.5,12387.9,1.06,2.27,3.01,1.21,2043.93994140625,17425.029296875,18.209999084472656,101.45999908447266,430.5669860839844,31.992460250854492,25.786457061767578,5.46,3.5,4.01,15.98672103881836,21.962791442871094,19.110321044921875,19.962392807006836,15.624628067016602,5.0,143077.0,237.761,97.456,1146.0
2016-01-01,0.29,0.25,0.5,12518.5,0.76,1.94,2.75,1.18,1940.239990234375,16466.30078125,20.200000762939453,106.94999694824219,368.7669982910156,30.201589584350586,24.488725662231445,5.45,3.5,3.79,14.57119369506836,20.55842399597168,18.400880813598633,19.264102935791016,16.397192001342773,4.8,143210.0,237.652,97.496,1092.0
2016-02-01,0.29,0.25,0.5,12603.9,0.78,1.74,2.61,0.96,1932.22998046875,16516.5,20.549999237060547,118.63999938964844,437.6969909667969,29.464603424072266,24.28845977783203,5.34,3.5,3.62,14.14854907989502,20.65703010559082,18.280410766601562,18.724666595458984,16.714887619018555,4.9,143406.0,237.336,97.445,1225.0
2016-03-01,0.25,0.25,0.5,12661.8,0.73,1.78,2.61,1.05,2059.739990234375,17685.08984375,13.949999809265137,117.63999938964844,416.72900390625,31.91103172302246,27.436662673950195,5.13,3.5,3.71,15.161460876464844,22.866737365722656,19.893051147460938,20.628198623657227,18.04814338684082,5.0,143662.0,238.08,97.673,1111.0
2016-04-01,0.3,0.25,0.5,12743.2,0.77,1.83,2.66,1.06,2065.300048828125,17773.640625,15.699999809265137,123.6500015258789,448.3179931640625,32.584022521972656,27.548818588256836,4.79,3.5,3.66,15.707277297973633,22.312131881713867,18.893009185791016,22.498043060302734,17.611661911010742,5.1,143854.0,238.992,97.993,1163.0
2016-05-01,0.29,0.25,0.5,12802.0,0.87,1.84,2.64,0.97,2096.949951171875,17787.19921875,14.1899995803833,116.05999755859375,531.385986328125,32.32516860961914,26.531455993652344,4.68,3.5,3.64,16.003768920898438,22.696086883544922,19.81681251525879,22.288053512573242,17.87718963623047,4.8,143900.0,239.557,98.153,1148.0
2016-06-01,0.3,0.25,0.5,12852.5,0.58,1.49,2.3,0.91,2098.860107421875,17929.990234375,15.630000114440918,126.47000122070312,673.3369750976562,32.08840560913086,27.741050720214844,4.53,3.5,3.48,15.486413955688477,24.0806884765625,19.54377555847168,22.894453048706055,19.240869522094727,4.9,144147.0,240.222,98.325,1203.0
2016-07-01,0.3,0.25,0.5,12911.9,0.67,1.46,2.18,0.79,2173.60009765625,18432.240234375,11.869999885559082,128.97999572753906,624.6810302734375,33.451316833496094,29.23467445373535,4.22,3.5,3.48,16.02159881591797,24.860666275024414,20.93170738220215,22.605918884277344,19.112529754638672,4.8,144520.0,240.101,98.342,1239.0
2016-08-01,0.3,0.25,0.5,12989.7,0.8,1.58,2.23,0.78,2170.949951171875,18400.880859375,13.420000076293945,124.77999877929688,575.4719848632812,33.6834602355957,29.49302864074707,4.24,3.5,3.43,16.638076782226562,23.930139541625977,21.17505645751953,22.985036849975586,18.052762985229492,4.9,144661.0,240.545,98.479,1171.0
2016-09-01,0.29,0.25,0.5,13054.9,0.77,1.6,2.32,0.83,2168.27001953125,18308.150390625,13.289999961853027,125.63999938964844,609.7349853515625,34.21193313598633,30.235801696777344,4.31,3.5,3.42,16.171907424926758,23.616947174072266,21.620105743408203,23.832767486572266,18.11794090270996,5.0,144967.0,241.176,98.666,1068.0
2016-10-01,0.31,0.25,0.5,13122.8,0.86,1.84,2.58,0.98,2126.14990234375,18142.419921875,17.059999465942383,121.94000244140625,700.9719848632812,33.63207244873047,29.985519409179688,4.38,3.5,3.47,16.54059410095215,22.305294036865234,21.45720672607422,23.16108512878418,18.28066635131836,4.9,145065.0,241.741,98.868,1313.0
2016-11-01,0.31,0.25,0.5,13208.7,1.11,2.37,3.02,1.26,2198.81005859375,19123.580078125,13.329999923706055,111.75,745.6909790039062,32.91665267944336,28.66144561767578,4.71,3.5,4.03,18.861642837524414,21.627843856811523,21.493406295776367,25.122119903564453,17.28952407836914,4.7,145183.0,242.026,98.901,1140.0
2016-12-01,0.55,0.5,0.75,13234.9,1.2,2.45,3.06,1.25,2238.830078125,19762.599609375,14.039999961853027,109.61000061035156,963.7429809570312,33.55443572998047,28.589021682739258,4.83,3.75,4.32,19.570173263549805,22.56791877746582,21.979127883911133,25.55691909790039,18.136499404907227,4.7,145408.0,242.637,99.071,1252.0
2017-01-01,0.56,0.5,0.75,13315.7,1.19,2.45,3.05,1.26,2278.8701171875,19864.08984375,11.989999771118164,115.55000305175781,970.4030151367188,34.94430160522461,30.491695404052734,4.66,3.75,4.19,19.620668411254883,22.538562774658203,22.760852813720703,24.735788345336914,18.364286422729492,4.7,145628.0,243.618,99.451,1190.0
2017-02-01,0.57,0.5,0.75,13394.8,1.22,2.36,2.97,1.14,2363.639892578125,20812.240234375,12.920000076293945,119.2300033569336,1179.969970703125,35.384830474853516,31.022483825683594,4.64,3.75,4.16,20.656002044677734,23.588071823120117,23.79254150390625,24.22003746032715,19.33141326904297,4.6,145846.0,244.006,99.586,1271.0
2017-03-01,0.82,0.75,1.0,13463.6,1.27,2.4,3.02,1.13,2362.719970703125,20663.220703125,12.369999885559082,118.72000122070312,1071.7900390625,36.443519592285156,32.16571807861328,4.68,4.0,4.14,20.045387268066406,23.339677810668945,24.322172164916992,23.86012840270996,19.305252075195312,4.4,145970.0,243.892,99.535,1190.0
2017-04-01,0.83,0.75,1.0,13521.7,1.28,2.29,2.96,1.01,2384.199951171875,20940.509765625,10.819999694824219,120.7699966430664,1347.8900146484375,37.2054443359375,32.712833404541016,4.57,4.0,4.03,19.87644386291504,23.376605987548828,24.810352325439453,23.156959533691406,19.451990127563477,4.4,146175.0,244.193,99.725,1146.0
2017-05-01,0.83,0.75,1.0,13568.9,1.28,2.21,2.87,0.93,2411.800048828125,21008.650390625,10.40999984741211,120.62000274658203,2286.409912109375,38.34074783325195,33.64375686645508,4.55,4.0,3.95,19.639915466308594,23.53171157836914,25.791261672973633,22.33772087097168,20.257160186767578,4.4,146380.0,244.004,99.682,1157.0
2017-06-01,1.06,1.0,1.25,13580.5,1.38,2.31,2.84,0.93,2423.409912109375,21349.630859375,11.180000305175781,118.0199966430664,2480.840087890625,38.53465270996094,33.95551300048828,4.37,4.25,3.88,20.919132232666016,23.982135772705078,25.066059112548828,22.312774658203125,19.708423614501953,4.3,146583.0,244.163,99.766,1249.0
2017-07-01,1.07,1.0,1.25,13643.1,1.34,2.3,2.89,0.96,2470.300048828125,21891.119140625,10.260000228881836,120.75,2875.340087890625,39.836334228515625,35.9326286315918,4.39,4.25,3.92,21.275270462036133,24.272607803344727,26.18377113342285,22.89706039428711,20.18634605407715,4.3,146772.0,244.243,99.803,1206.0
2017-08-01,1.07,1.0,1.25,13697.7,1.33,2.12,2.73,0.79,2471.64990234375,21948.099609375,10.59000015258789,125.81999969482422,4703.39013671875,40.09052276611328,36.77761459350586,4.31,4.25,3.82,20.9445743560791,24.518381118774414,26.948762893676758,21.642568588256836,20.850116729736328,4.4,146919.0,245.183,100.027,1159.0
2017-09-01,1.06,1.0,1.25,13745.1,1.47,2.33,2.86,0.86,2519.360107421875,22405.08984375,9.510000228881836,121.58000183105469,4338.7099609375,40.82742691040039,36.76121139526367,4.3,4.25,3.83,22.019655227661133,24.183998107910156,27.169160842895508,23.84628677368164,20.27533531188965,4.3,147008.0,246.435,100.4,1181.0
2017-10-01,1.07,1.0,1.25,13800.1,1.6,2.38,2.88,0.78,2575.260009765625,23377.240234375,10.180000305175781,120.66999816894531,6468.39990234375,41.625244140625,37.9671630859375,4.32,4.25,3.94,22.649765014648438,24.379032135009766,28.939058303833008,23.647804260253906,21.06647491455078,4.2,147149.0,246.626,100.531,1257.0
2017-11-01,1.07,1.0,1.25,13843.5,1.78,2.42,2.83,0.64,2647.580078125,24272.349609375,11.279999732971191,121.0999984741211,10233.599609375,41.888580322265625,37.819496154785156,4.27,4.25,3.9,23.43313980102539,25.091646194458008,29.348215103149414,24.06218719482422,21.632118225097656,4.2,147372.0,247.284,100.675,1273.0
2017-12-01,1.33,1.25,1.5,13881.7,1.89,2.4,2.74,0.51,2673.610107421875,24719.220703125,11.039999961853027,123.6500015258789,14156.400390625,42.74794006347656,39.242095947265625,4.22,4.5,3.99,23.875593185424805,24.981672286987305,29.508390426635742,25.33011817932129,20.321603775024414,4.1,147523.0,247.805,100.821,1177.0
2018-01-01,1.34,1.25,1.5,13900.3,2.14,2.72,2.95,0.58,2823.81005859375,26149.390625,13.539999961853027,127.6500015258789,10221.099609375,45.185325622558594,42.49839401245117,4.26,4.5,4.15,25.441059112548828,24.503889083862305,31.58482551574707,26.238021850585938,19.688962936401367,4.0,147660.0,248.859,101.199,1299.0
2018-02-01,1.35,1.25,1.5,13949.3,2.25,2.87,3.13,0.62,2713.830078125,25029.19921875,19.850000381469727,125.0,10397.900390625,42.78700256347656,39.991634368896484,4.51,4.5,4.4,24.696819305419922,22.835407257080078,31.455629348754883,23.39512825012207,18.925168991088867,4.1,148054.0,249.529,101.416,1277.0
2018-03-01,1.67,1.5,1.75,14012.7,2.27,2.74,2.97,0.47,2640.8701171875,24103.109375,19.969999313354492,125.79000091552734,6973.52978515625,42.59938049316406,40.20817184448242,4.64,4.75,4.44,23.670581817626953,23.709766387939453,30.28113555908203,23.798234939575195,19.64366340637207,4.0,148280.0,249.577,101.524,1318.0
2018-04-01,1.69,1.5,1.75,14035.9,2.49,2.95,3.11,0.46,2648.050048828125,24163.150390625,15.930000305175781,124.58999633789062,9240.5498046875,42.8422737121582,39.075531005859375,4.67,4.75,4.58,23.56755256652832,23.564823150634766,30.29964828491211,26.057666778564453,20.044082641601562,4.0,148420.0,250.227,101.766,1276.0
2018-05-01,1.7,1.5,1.75,14092.4,2.4,2.83,3.0,0.43,2705.27001953125,24415.83984375,15.430000305175781,123.0999984741211,7494.169921875,41.98824691772461,38.051185607910156,4.83,4.75,4.56,23.33574867248535,24.091197967529297,32.35481262207031,26.83787727355957,19.82248878479004,3.8,148742.0,250.792,101.941,1357.0
2018-06-01,1.91,1.75,2.0,14137.2,2.52,2.85,2.98,0.33,2718.3701171875,24271.41015625,16.09000015258789,118.6500015258789,6404.0,41.09677505493164,36.32149124145508,4.83,5.0,4.55,22.928089141845703,25.166046142578125,32.2696647644043,26.990737915039062,20.380260467529297,4.0,148960.0,251.018,102.029,1192.0
2018-07-01,1.91,1.75,2.0,14174.6,2.67,2.96,3.08,0.29,2816.2900390625,25415.189453125,12.829999923706055,115.98999786376953,7780.43994140625,42.28592300415039,37.60402297973633,4.79,5.0,4.54,24.100788116455078,25.42762565612793,32.943206787109375,27.410133361816406,20.705808639526367,3.8,149020.0,251.214,102.137,1208.0
2018-08-01,1.91,1.75,2.0,14223.2,2.62,2.86,3.02,0.24,2901.52001953125,25964.8203125,12.859999656677246,113.51000213623047,7037.580078125,41.29497146606445,36.18737030029297,4.77,5.0,4.52,24.42845344543457,26.043127059936523,35.117122650146484,26.457603454589844,20.972536087036133,3.8,149277.0,251.663,102.208,1288.0
2018-09-01,2.18,2.0,2.25,14245.5,2.81,3.05,3.19,0.24,2913.97998046875,26458.310546875,12.119999885559082,112.76000213623047,6625.56005859375,41.4788703918457,35.977813720703125,4.88,5.25,4.72,23.887252807617188,25.354005813598633,35.110355377197266,27.104753494262695,20.8365535736084,3.7,149358.0,252.182,102.418,1250.0
2018-10-01,2.2,2.0,2.25,14256.6,2.87,3.15,3.39,0.28,2711.739990234375,25115.759765625,21.229999542236328,115.1500015258789,6317.60986328125,38.03623962402344,32.82596969604492,5.07,5.25,4.86,22.76131248474121,24.949708938598633,32.29985046386719,24.034265518188477,21.248149871826172,3.8,149527.0,252.772,102.595,1221.0
2018-11-01,2.2,2.0,2.25,14282.8,2.8,3.01,3.3,0.21,2760.169921875,25538.4609375,18.06999969482422,115.54000091552734,4017.2685546875,38.594085693359375,34.43543243408203,5.22,5.25,4.81,23.358924865722656,26.318092346191406,31.66597557067871,23.65850067138672,22.00008773803711,3.8,149617.0,252.594,102.63,1181.0
2018-12-01,2.4,2.25,2.5,14386.8,2.48,2.69,3.02,0.21,2506.85009765625,23327.4609375,25.420000076293945,121.25,3742.700439453125,36.68562316894531,33.234004974365234,5.13,5.5,4.55,20.75932502746582,24.38520050048828,29.013479232788086,20.715576171875,21.121299743652344,3.9,149809.0,252.767,102.701,1095.0
2019-01-01,2.4,2.25,2.5,14459.7,2.45,2.63,2.99,0.18,2704.10009765625,24999.669921875,16.56999969482422,124.75,3457.792724609375,39.462379455566406,36.671417236328125,5.12,5.5,4.46,22.606924057006836,27.00464630126953,31.026342391967773,23.038177490234375,21.855674743652344,4.0,150060.0,252.561,102.648,1226.0
2019-02-01,2.4,2.25,2.5,14506.3,2.52,2.73,3.09,0.21,2784.489990234375,25916.0,14.779999732971191,123.98999786376953,3854.785400390625,40.106266021728516,36.109859466552734,4.95,5.5,4.35,23.11239242553711,27.30355453491211,33.17029571533203,23.56916046142578,22.753684997558594,3.8,150067.0,253.319,102.836,1121.0
2019-03-01,2.43,2.25,2.5,14557.5,2.27,2.41,2.81,0.14,2834.39990234375,25928.6796875,13.710000038146973,122.01000213623047,4105.404296875,40.50934600830078,36.518272399902344,4.84,5.5,4.06,22.520854949951172,28.654590606689453,34.7520866394043,24.07073211669922,23.38884162902832,3.8,150295.0,254.277,103.069,1191.0
2019-04-01,2.45,2.25,2.5,14594.7,2.27,2.51,2.93,0.24,2945.830078125,26592.91015625,13.119999885559082,121.19999694824219,5350.7265625,41.664451599121094,37.37762451171875,4.7,5.5,4.2,24.544315338134766,28.5042724609375,36.96400451660156,24.067096710205078,23.605966567993164,3.7,150591.0,255.233,103.36,1272.0
2019-05-01,2.4,2.25,2.5,14704.4,1.95,2.14,2.58,0.19,2752.06005859375,24815.0390625,18.709999084472656,123.33000183105469,8574.501953125,39.354251861572266,34.637908935546875,4.63,5.5,3.99,22.783639907836914,28.85237693786621,33.76118087768555,21.394996643066406,23.421016693115234,3.6,150618.0,255.296,103.435,1293.0
2019-06-01,2.4,2.25,2.5,14802.8,1.75,2.0,2.52,0.25,2941.760009765625,26599.9609375,15.079999923706055,133.1999969482422,10817.1552734375,41.671390533447266,36.78813171386719,4.46,5.5,3.73,24.29959487915039,29.320459365844727,36.77885437011719,23.405088424682617,24.167282104492188,3.6,150838.0,255.213,103.484,1243.0
2019-07-01,2.4,2.25,2.5,14886.8,1.89,2.02,2.53,0.13,2980.3798828125,26864.26953125,16.1200008392334,133.2100067138672,10085.6279296875,40.919525146484375,35.81077575683594,4.28,5.5,3.75,24.871870040893555,29.8308048248291,38.06543731689453,23.034046173095703,24.13485336303711,3.7,150937.0,255.802,103.622,1240.0
2019-08-01,2.13,2.0,2.25,14974.4,1.5,1.5,1.96,0.0,2926.4599609375,26403.279296875,18.979999542236328,143.75,9630.6640625,39.922481536865234,34.45618438720703,3.87,5.25,3.58,23.70091438293457,31.26612091064453,37.481048583984375,21.116382598876953,25.36287498474121,3.6,151169.0,256.036,103.67,1375.0
2019-09-01,1.9,1.75,2.0,15047.0,1.63,1.68,2.12,0.05,2976.739990234375,26916.830078125,16.239999771118164,138.8699951171875,8293.8681640625,41.04611587524414,35.03917694091797,3.91,5.0,3.64,24.777441024780273,31.579795837402344,38.07057189941406,21.947158813476562,26.441211700439453,3.5,151365.0,256.43,103.733,1311.0
2019-10-01,1.58,1.5,1.75,15184.1,1.52,1.69,2.17,0.17,3037.56005859375,27046.23046875,13.220000267028809,142.42999267578125,9199.5849609375,42.46092224121094,36.50521469116211,3.92,4.75,3.78,25.396881103515625,31.571767807006836,39.55500793457031,21.48746109008789,26.241085052490234,3.6,151460.0,257.155,103.917,1325.0
2019-11-01,1.56,1.5,1.75,15296.0,1.61,1.78,2.21,0.17,3140.97998046875,28051.41015625,12.619999885559082,137.86000061035156,7569.6298828125,42.905113220214844,36.47092056274414,3.94,4.75,3.68,26.679994583129883,31.025903701782227,41.67766189575195,21.832237243652344,25.7509765625,3.6,151667.0,257.879,104.024,1353.0
2019-12-01,1.55,1.5,1.75,15347.5,1.58,1.92,2.39,0.34,3230.780029296875,28538.439453125,13.779999732971191,142.89999389648438,7193.59912109375,44.69324493408203,39.29023361206055,3.88,4.75,3.74,27.37614631652832,31.379802703857422,43.47840118408203,23.14788818359375,26.598329544067383,3.6,151794.0,258.63,104.307,1548.0
2020-01-01,1.59,1.5,1.75,15427.1,1.33,1.51,1.99,0.18,3225.52001953125,28256.029296875,18.84000015258789,149.3300018310547,9350.529296875,43.17159652709961,36.87344741821289,3.77,4.75,3.51,26.64682388305664,31.8342227935791,45.214298248291016,20.603322982788086,28.392948150634766,3.6,152031.0,259.127,104.49,1581.0
2020-02-01,1.58,1.5,1.75,15493.4,0.86,1.13,1.65,0.27,2954.219970703125,25409.359375,40.11000061035156,148.3800048828125,8599.5087890625,40.31954574584961,35.48116683959961,3.61,4.75,3.45,23.64950942993164,29.854225158691406,41.913230895996094,17.453447341918945,25.593996047973633,3.5,152293.0,259.25,104.573,1549.0
2020-03-01,0.08,0.0,0.25,16033.0,0.23,0.7,1.35,0.47,2584.590087890625,21917.16015625,53.540000915527344,148.0500030517578,6438.64453125,34.21854782104492,29.885791778564453,4.29,3.25,3.5,18.67460823059082,25.344274520874023,38.31794357299805,11.454534530639648,23.035717010498047,4.4,150895.0,258.076,104.271,1266.0
2020-04-01,0.05,0.0,0.25,17065.3,0.2,0.64,1.28,0.44,2912.429931640625,24345.720703125,34.150001525878906,158.8000030517578,8658.5537109375,36.54594421386719,32.083656311035156,4.13,3.25,3.23,20.44161033630371,27.731534957885742,43.58147048950195,14.978400230407715,23.80482292175293,14.8,130426.0,256.032,103.838,936.0
2020-05-01,0.05,0.0,0.25,17932.9,0.16,0.65,1.41,0.49,3044.31005859375,25383.109375,27.510000228881836,162.91000366210938,9461.05859375,38.25603103637695,33.038108825683594,3.95,3.25,3.15,20.997724533081055,28.32836151123047,46.7090950012207,15.277963638305664,24.815048217773438,13.2,133040.0,255.802,103.942,1039.0
2020-06-01,0.08,0.0,0.25,18184.3,0.16,0.66,1.41,0.5,3100.2900390625,25812.880859375,30.43000030517578,167.3699951171875,9137.9931640625,39.92763137817383,35.220252990722656,3.64,3.25,3.13,20.887941360473633,28.678207397460938,49.95490646362305,15.110589981079102,23.655628204345703,11.0,137671.0,257.042,104.27,1266.0
2020-07-01,0.1,0.0,0.25,18335.4,0.11,0.55,1.2,0.44,3271.1201171875,26428.3203125,24.459999084472656,185.42999267578125,11323.466796875,41.49589157104492,38.126651763916016,3.31,3.25,2.99,21.691333770751953,29.872783660888672,52.79472732543945,14.38400650024414,25.500120162963867,10.2,139255.0,258.352,104.578,1526.0
2020-08-01,0.09,0.0,0.25,18411.2,0.14,0.72,1.49,0.58,3500.31005859375,28430.05078125,26.40999984741211,184.8300018310547,11680.8203125,43.324127197265625,39.22755813598633,3.27,3.25,2.91,22.621082305908203,29.864547729492188,59.067176818847656,14.23230266571045,24.837778091430664,8.4,140821.0,259.316,104.87,1396.0
2020-09-01,0.09,0.0,0.25,18602.5,0.13,0.69,1.46,0.56,3363.0,27781.69921875,26.3700008392334,177.1199951171875,10784.4912109375,42.59105682373047,38.83123016357422,3.36,3.25,2.9,21.846939086914062,29.232078552246094,55.91587829589844,12.153438568115234,25.106359481811523,7.8,141770.0,259.997,105.057,1473.0
2020-10-01,0.09,0.0,0.25,18757.6,0.14,0.88,1.65,0.74,3269.9599609375,26501.599609375,38.02000045776367,176.1999969482422,13780.9951171875,41.71305847167969,39.37727737426758,3.44,3.25,2.81,21.656333923339844,28.303817749023438,53.117698669433594,11.654316902160645,26.374784469604492,6.9,142460.0,260.319,105.151,1543.0
2020-11-01,0.09,0.0,0.25,18997.0,0.16,0.84,1.58,0.68,3621.6298828125,29638.640625,20.56999969482422,166.6699981689453,19625.8359375,46.97257995605469,42.91779708862305,3.3,3.25,2.72,25.305055618286133,30.25151252746582,59.16447067260742,14.916877746582031,26.569272994995117,6.7,142733.0,260.911,105.258,1543.0
2020-12-01,0.09,0.0,0.25,19115.7,0.13,0.93,1.65,0.8,3756.070068359375,30606.48046875,22.75,178.36000061035156,29001.720703125,49.65336990356445,45.977603912353516,3.16,3.25,2.67,26.900802612304688,30.693756103515625,62.443153381347656,15.585172653198242,26.73411750793457,6.7,142548.0,262.045,105.699,1614.0
2021-01-01,0.07,0.0,0.25,19379.0,0.11,1.11,1.87,1.0,3714.239990234375,29982.619140625,33.09000015258789,172.61000061035156,33114.359375,49.840538024902344,47.436927795410156,3.24,3.25,2.73,26.417173385620117,30.861658096313477,61.919654846191406,16.16910171508789,26.499608993530273,6.4,142863.0,262.687,106.147,1630.0
2021-02-01,0.07,0.0,0.25,19641.8,0.14,1.44,2.17,1.3,3811.14990234375,30932.369140625,27.950000762939453,161.80999755859375,45137.76953125,50.87853240966797,47.810665130615234,3.42,3.25,2.97,29.48320960998535,31.348604202270508,62.764930725097656,19.800161361694336,24.883621215820312,6.2,143380.0,263.579,106.5,1404.0
2021-03-01,0.06,0.0,0.25,19873.2,0.16,1.74,2.41,1.58,3972.889892578125,32981.55078125,19.399999618530273,159.9600067138672,58918.83203125,51.76551055908203,47.463623046875,3.74,3.25,3.17,31.20869255065918,33.484649658203125,63.9177131652832,20.38841438293457,27.50935935974121,6.1,144232.0,264.961,107.054,1696.0
2021-04-01,0.05,0.0,0.25,20176.9,0.16,1.65,2.3,1.49,4181.169921875,33874.8515625,18.610000610351562,165.66000366210938,57750.17578125,53.09634017944336,48.033119201660156,3.6,3.25,2.98,33.23427963256836,36.265865325927734,67.23368072509766,20.525558471679688,28.66058921813965,6.1,144587.0,266.614,107.618,1495.0
2021-05-01,0.05,0.0,0.25,20460.4,0.14,1.58,2.26,1.44,4204.10986328125,34529.44921875,16.760000228881836,178.3800048828125,37332.85546875,54.776920318603516,48.825069427490234,3.62,3.25,2.95,34.81991195678711,36.681339263916016,66.60803985595703,21.697494506835938,27.99047088623047,5.8,145065.0,268.383,108.175,1589.0
2021-06-01,0.08,0.0,0.25,20477.8,0.25,1.45,2.06,1.2,4297.5,34502.51171875,15.829999923706055,165.6300048828125,35040.8359375,54.513736724853516,49.28910446166992,3.44,3.25,3.02,33.76160430908203,37.83184814453125,71.19485473632812,22.61615753173828,27.372360229492188,5.9,145820.0,270.654,108.76,1650.0
2021-07-01,0.07,0.0,0.25,20633.3,0.19,1.24,1.89,1.05,4395.259765625,34935.46875,18.239999771118164,169.82000732421875,41626.1953125,53.73976135253906,46.116371154785156,3.24,3.25,2.8,33.60516357421875,39.58134460449219,73.96243286132812,20.735326766967773,28.558509826660156,5.4,146762.0,271.903,109.256,1597.0
2021-08-01,0.06,0.0,0.25,20840.9,0.2,1.3,1.92,1.1,4522.68017578125,35360.73046875,16.479999542236328,169.69000244140625,47166.6875,54.556739807128906,46.84027862548828,3.24,3.25,2.87,35.335113525390625,40.69078826904297,76.59500122070312,20.319700241088867,29.671066284179688,5.1,147314.0,272.676,109.674,1594.0
2021-09-01,0.06,0.0,0.25,20981.0,0.28,1.52,2.08,1.24,4307.5400390625,33843.921875,23.139999389648438,164.22000122070312,43790.89453125,52.731178283691406,45.026023864746094,3.23,3.25,3.01,34.6840705871582,38.146785736083984,72.12187957763672,22.134550094604492,27.86313819885254,4.7,147771.0,273.91,110.034,1577.0
2021-10-01,0.07,0.0,0.25,21160.6,0.48,1.55,1.93,1.07,4605.3798828125,35819.55859375,16.260000228881836,166.64999389648438,61318.95703125,54.175750732421875,45.508628845214844,3.35,3.25,3.14,37.207054138183594,41.03889083862305,78.01931762695312,24.420669555664062,29.184764862060547,4.5,148572.0,276.55,110.762,1579.0
2021-11-01,0.07,0.0,0.25,21335.5,0.52,1.43,1.78,0.91,4567.0,34483.71875,27.190000534057617,165.5,57005.42578125,51.84886932373047,43.64967727661133,3.28,3.25,3.1,35.08147048950195,40.66987228393555,81.49211883544922,23.19687271118164,28.687517166137695,4.1,149230.0,278.919,111.5,1705.0
2021-12-01,0.07,0.0,0.25,21498.5,0.73,1.52,1.9,0.79,4766.18017578125,36338.30078125,17.219999313354492,170.9600067138672,46306.4453125,53.757450103759766,44.30751037597656,3.3,3.25,3.11,36.26170349121094,44.8438835144043,84.1384506225586,23.888925552368164,31.46712875366211,3.9,149816.0,280.845,112.191,1722.0
2022-01-01,0.08,0.0,0.25,21650.1,1.18,1.79,2.11,0.61,4515.5498046875,35131.859375,24.829999923706055,168.08999633789062,38483.125,52.46790313720703,44.29844665527344,3.58,3.25,3.55,36.27099609375,40.97489929199219,78.37986755371094,28.3740234375,30.442848205566406,4.0,150006.0,282.543,112.805,1702.0
2022-02-01,0.08,0.0,0.25,21725.2,1.44,1.83,2.17,0.39,4373.93994140625,33892.6015625,30.149999618530273,178.3800048828125,43193.234375,50.862548828125,42.3846435546875,3.97,3.25,3.89,35.769554138183594,39.010108947753906,74.5569076538086,30.37982749938965,29.86256217956543,3.9,150825.0,284.5,113.471,1735.0
2022-03-01,0.33,0.25,0.5,21787.2,2.28,2.32,2.44,0.04,4530.41015625,34678.3515625,20.559999465942383,180.64999389648438,45538.67578125,50.61314392089844,40.951568603515625,4.29,3.5,4.67,35.723060607910156,42.06269836425781,77.05086517333984,33.21687698364258,32.9519157409668,3.7,151315.0,287.674,114.469,1712.0
2022-04-01,0.33,0.25,0.5,21769.4,2.7,2.89,2.96,0.19,4131.93017578125,32977.2109375,33.400001525878906,176.91000366210938,37714.875,47.33502960205078,38.439151763916016,4.66,3.5,5.1,32.171260833740234,40.565433502197266,68.56183624267578,32.65630340576172,31.535776138305664,3.7,151623.0,288.561,114.812,1820.0
2022-05-01,0.83,0.75,1.0,21719.9,2.53,2.85,3.07,0.32,4132.14990234375,32990.12109375,26.190000534057617,171.13999938964844,31792.310546875,48.108421325683594,38.67497253417969,5.12,4.0,5.1,33.06620407104492,38.49364471435547,68.0915756225586,37.89261245727539,32.89439010620117,3.6,151924.0,291.298,115.525,1531.0
2022-06-01,1.58,1.5,1.75,21651.5,2.92,2.98,3.14,0.06,3785.3798828125,30775.4296875,28.709999084472656,168.4600067138672,19784.7265625,44.42320251464844,36.68024444580078,5.27,4.75,5.7,29.474924087524414,35.85499954223633,61.78921127319336,31.423032760620117,31.284059524536133,3.6,152358.0,294.957,116.638,1551.0
2022-07-01,2.32,2.25,2.5,21652.9,2.89,2.67,3.0,-0.22,4130.2900390625,32845.12890625,21.329999923706055,164.10000610351562,23336.896484375,45.925907135009766,36.55218505859375,5.21,5.5,5.3,31.592994689941406,38.90873718261719,70.10099792480469,34.45943069458008,32.98810958862305,3.5,153072.0,294.913,116.631,1381.0
2022-08-01,2.33,2.25,2.5,21638.4,3.45,3.15,3.27,-0.3,3955.0,31510.4296875,25.8700008392334,159.27000427246094,20049.763671875,43.907470703125,36.067386627197266,5.15,5.5,5.55,30.974449157714844,36.723731994628906,65.74580383300781,35.37343215942383,33.16208267211914,3.6,153362.0,295.097,116.956,1531.0
2022-09-01,3.08,3.0,3.25,21536.7,4.22,3.83,3.79,-0.39,3585.6201171875,28725.509765625,31.6200008392334,154.6699981689453,19431.7890625,39.658878326416016,31.905412673950195,5.69,6.25,6.7,28.603055953979492,31.886737823486328,57.8779411315918,31.992185592651367,29.421072006225586,3.5,153582.0,296.349,117.371,1488.0
2022-10-01,3.08,3.0,3.25,21461.7,4.51,4.1,4.22,-0.41,3871.97998046875,32732.94921875,25.8799991607666,151.91000366210938,20495.7734375,41.008853912353516,31.27425193786621,6.26,6.25,7.08,32.01356887817383,32.5242919921875,62.30722427368164,39.97911834716797,29.991437911987305,3.6,153939.0,298.007,117.919,1435.0
2022-11-01,3.83,3.75,4.0,21406.7,4.38,3.68,3.8,-0.7,4080.110107421875,34589.76953125,20.579999923706055,164.80999755859375,17168.56640625,46.39981460571289,36.14970779418945,6.07,7.0,6.58,34.20872116088867,34.74689865112305,66.24923706054688,40.489967346191406,32.07979202270508,3.6,154242.0,298.786,118.224,1424.0
2022-12-01,4.33,4.25,4.5,21290.9,4.41,3.88,3.97,-0.53,3839.5,33147.25,21.670000076293945,169.63999938964844,16547.49609375,45.382389068603516,35.196258544921875,5.59,7.5,6.42,32.422874450683594,33.07269287109375,60.80998992919922,39.25545120239258,31.92118263244629,3.5,154342.0,298.832,118.384,1308.0
2023-01-01,4.33,4.25,4.5,21279.9,4.21,3.52,3.65,-0.69,4076.60009765625,34086.0390625,19.399999618530273,179.41000366210938,23139.283203125,49.32868194580078,38.409423828125,5.5,7.5,6.13,34.660240173339844,36.350399017333984,66.43946075439453,40.359474182128906,31.282760620117188,3.5,154776.0,300.42,119.018,1361.0
2023-02-01,4.57,4.5,4.75,21243.7,4.81,3.92,3.93,-0.89,3970.14990234375,32656.69921875,20.700000762939453,169.77999877929688,23147.353515625,47.16545104980469,35.502716064453125,5.59,7.75,6.5,33.863887786865234,34.218994140625,66.71311950683594,37.55904006958008,29.430877685546875,3.6,155066.0,301.45,119.369,1399.0
2023-03-01,4.83,4.75,5.0,20947.4,4.06,3.48,3.67,-0.58,4109.31005859375,33274.1484375,18.700000762939453,183.22000122070312,28478.484375,48.5064811706543,36.64496994018555,5.71,8.0,6.32,30.630672454833984,33.71390914916992,73.95681762695312,37.561038970947266,30.87476348876953,3.5,155134.0,301.821,119.538,1377.0
2023-04-01,4.83,4.75,5.0,20761.4,4.04,3.44,3.67,-0.6,4169.47998046875,34098.16015625,15.779999732971191,184.8000030517578,29268.806640625,49.422725677490234,36.33851623535156,5.53,8.0,6.43,31.602468490600586,34.04761505126953,73.8686752319336,38.60401916503906,31.46316146850586,3.4,155375.0,302.845,119.951,1354.0
2023-05-01,5.08,5.0,5.25,20829.6,4.4,3.64,3.85,-0.76,4179.830078125,32908.26953125,17.940000534057617,182.32000732421875,27219.658203125,47.73538589477539,35.465572357177734,5.77,8.25,6.57,30.25910186767578,32.505332946777344,80.45579528808594,34.73137664794922,29.615875244140625,3.6,155655.0,303.334,120.15,1584.0
2023-06-01,5.08,5.0,5.25,20799.4,4.87,3.81,3.85,-1.06,4450.3798828125,34407.6015625,13.59000015258789,178.27000427246094,30477.251953125,49.899662017822266,37.02565002441406,5.75,8.25,6.71,32.26105880737305,34.32040786743164,85.32593536376953,37.13248062133789,30.088581085205078,3.6,155880.0,304.014,120.469,1421.0
2023-07-01,5.33,5.25,5.5,20791.4,4.88,3.97,4.02,-0.91,4588.9599609375,35559.53125,13.630000114440918,182.35000610351562,29230.111328125,51.77973175048828,39.26253890991211,5.74,8.5,6.81,33.81142807006836,34.775699615478516,87.52949523925781,40.01909255981445,30.838029861450195,3.5,156043.0,304.609,120.607,1460.0
2023-08-01,5.33,5.25,5.5,20777.5,4.85,4.09,4.2,-0.76,4507.66015625,34721.91015625,13.569999694824219,180.02000427246094,25931.47265625,49.505313873291016,36.66063690185547,6.02,8.5,7.18,32.90226364135742,33.71030807495117,86.20931243896484,40.67783737182617,28.948305130004883,3.7,156261.0,306.082,120.97,1317.0
2023-09-01,5.33,5.25,5.5,20747.8,5.03,4.59,4.73,-0.44,4288.0498046875,33507.5,17.520000457763672,171.4499969482422,26967.916015625,47.83592224121094,35.51879119873047,6.16,8.5,7.31,31.886165618896484,31.271394729614258,80.62438201904297,41.655452728271484,27.314918518066406,3.7,156417.0,307.276,121.419,1371.0
2023-10-01,5.33,5.25,5.5,20732.9,5.07,4.88,5.04,-0.19,4193.7998046875,33052.87109375,18.139999389648438,184.08999633789062,34667.78125,46.30503845214844,34.348873138427734,6.63,8.5,7.79,31.10751724243164,30.381071090698242,80.66373443603516,39.25908279418945,27.667186737060547,3.9,156576.0,307.696,121.484,1368.0
2023-11-01,5.33,5.25,5.5,20746.4,4.73,4.37,4.54,-0.36,4567.7998046875,35950.890625,12.920000076293945,188.75,37712.74609375,50.113834381103516,37.02565002441406,6.29,8.5,7.22,34.51050567626953,34.17182159423828,91.0657730102539,38.97796630859375,29.090177536010742,3.7,156703.0,308.148,121.493,1514.0
2023-12-01,5.33,5.25,5.5,20777.8,4.23,3.88,4.03,-0.35,4769.830078125,37689.5390625,12.449999809265137,191.1699981689453,42265.1875,52.572078704833984,38.345733642578125,5.64,8.5,6.61,36.32365036010742,37.16046905517578,94.87474822998047,39.00804901123047,29.630908966064453,3.8,156857.0,308.741,121.66,1521.0
2024-01-01,5.33,5.25,5.5,20843.7,4.27,3.99,4.22,-0.28,4845.64990234375,38150.30078125,14.350000381469727,188.4499969482422,42582.60546875,51.7011833190918,36.61011505126953,5.68,8.5,6.69,37.44427490234375,35.37016296386719,97.43788146972656,38.8079833984375,28.75129508972168,3.7,157032.0,309.698,122.23,1381.0
2024-02-01,5.33,5.25,5.5,20926.9,4.64,4.25,4.38,-0.39,5096.27001953125,38996.390625,13.399999618530273,189.30999755859375,61198.3828125,53.3399658203125,38.13593673706055,5.77,8.5,6.94,38.970645904541016,36.27922821044922,102.02191162109375,40.07816696166992,29.055416107177734,3.9,157238.0,310.967,122.598,1552.0
2024-03-01,5.33,5.25,5.5,20973.2,4.59,4.2,4.34,-0.39,5254.35009765625,39807.37109375,13.010000228881836,205.72000122070312,71333.6484375,55.12602615356445,39.17539978027344,5.75,8.5,6.79,40.843414306640625,36.91848373413086,102.82728576660156,44.280914306640625,30.970169067382812,3.9,157466.0,312.345,123.038,1312.0
2024-04-01,5.33,5.25,5.5,20958.8,5.04,4.69,4.79,-0.35,5035.68994140625,37815.921875,15.649999618530273,211.8699951171875,60636.85546875,53.74435043334961,39.089569091796875,6.0,8.5,7.17,39.13676071166992,33.79914093017578,96.90264129638672,43.86347961425781,31.484365463256836,3.9,157530.0,313.023,123.341,1385.0
2024-05-01,5.33,5.25,5.5,21019.9,4.89,4.51,4.65,-0.38,5277.509765625,38686.3203125,12.920000076293945,215.3000030517578,67491.4140625,55.868560791015625,39.852481842041016,5.95,8.5,7.03,40.377967834472656,35.536258697509766,103.76041412353516,43.713382720947266,34.305416107177734,3.9,157608.0,313.175,123.348,1316.0
2024-06-01,5.33,5.25,5.5,21067.7,4.71,4.36,4.51,-0.35,5460.47998046875,39118.859375,12.4399995803833,215.00999450683594,62678.29296875,55.547298431396484,40.89582824707031,5.82,8.5,6.86,40.021873474121094,36.236915588378906,111.89046478271484,43.0952033996582,32.403995513916016,4.1,157695.0,313.044,123.539,1327.0
2024-07-01,5.33,5.25,5.5,21094.4,4.29,4.09,4.35,-0.2,5522.2998046875,40842.7890625,16.360000610351562,226.5500030517578,64619.25,56.95872497558594,41.24150848388672,5.84,8.5,6.78,42.58225631713867,38.85963439941406,108.21568298339844,44.069156646728516,34.61530303955078,4.2,157748.0,313.569,123.736,1265.0
2024-08-01,5.33,5.25,5.5,21185.8,3.91,3.91,4.2,0.0,5648.39990234375,41563.078125,15.0,231.2899932861328,58969.8984375,58.42697525024414,41.644798278808594,5.6,8.5,6.35,44.52932357788086,41.086116790771484,108.97240447998047,43.15666961669922,36.27973175048828,4.2,157757.0,314.062,123.889,1391.0
2024-09-01,4.83,4.75,5.0,21268.6,3.66,3.81,4.14,0.15,5762.47998046875,42330.1484375,16.729999542236328,243.05999755859375,63329.5,59.915828704833984,44.03575134277344,5.42,8.0,6.08,44.28044891357422,42.438148498535156,111.85856628417969,41.854156494140625,38.675262451171875,4.1,157912.0,314.732,124.164,1357.0
2024-10-01,4.83,4.75,5.0,21331.0,4.16,4.28,4.47,0.12,5705.4501953125,41763.4609375,23.15999984741211,253.50999450683594,70215.1875,57.19583511352539,42.68184280395508,5.63,8.0,6.72,45.413841247558594,41.04159927368164,110.114501953125,42.23074722290039,38.25873565673828,4.1,157945.0,315.631,124.494,1352.0
2024-11-01,4.58,4.5,4.75,21451.6,4.13,4.18,4.36,0.05,6032.3798828125,44910.6484375,13.510000228881836,245.58999633789062,96449.0546875,56.97710037231445,41.5391731262207,5.78,7.75,6.81,50.1623649597168,42.75165939331055,115.8075180053711,45.53903579711914,39.704627990722656,4.2,158079.0,316.528,124.637,1295.0
2024-12-01,4.33,4.25,4.5,21485.3,4.25,4.58,4.78,0.33,5881.6298828125,42544.21875,17.350000381469727,242.1300048828125,93429.203125,55.496280670166016,40.834388732910156,5.8,7.5,6.85,47.422794342041016,39.05352020263672,115.39676666259766,41.17658996582031,36.538536071777344,4.1,158316.0,317.604,124.979,1514.0
2025-01-01,4.33,4.25,4.5,21547.6,4.22,4.58,4.83,0.36,6040.52978515625,44544.66015625,16.43000030517578,258.55999755859375,102405.0234375,57.39093780517578,41.71317672729492,6.08,7.5,6.95,50.503849029541016,39.77371597290039,114.54810333251953,42.12836837768555,37.59573745727539,4.0,158268.0,318.961,125.417,1358.0
2025-02-01,4.33,4.25,4.5,21613.2,3.99,4.24,4.51,0.25,5954.5,43840.91015625,19.6299991607666,263.2699890136719,84373.0078125,58.5799446105957,42.191627502441406,5.92,7.5,6.76,51.20052719116211,41.43495559692383,111.92770385742188,43.74351119995117,38.24260711669922,4.2,158310.0,319.679,125.921,1490.0
2025-03-01,4.33,4.25,4.5,21693.5,3.89,4.23,4.59,0.34,5611.85009765625,42001.76171875,22.280000686645508,288.1400146484375,82548.9140625,58.8177490234375,42.670082092285156,5.93,7.5,6.65,49.05253601074219,40.44384002685547,102.65335083007812,45.271575927734375,38.33415222167969,4.2,158377.0,319.785,125.941,1355.0
2025-04-01,4.33,4.25,4.5,21775.5,3.6,4.17,4.66,0.57,5569.06005859375,40669.359375,24.700000762939453,303.7699890136719,94207.3125,60.44672775268555,42.728668212890625,6.18,7.5,6.81,48.018497467041016,39.91232681274414,104.38844299316406,38.99798583984375,38.35846710205078,4.2,158485.0,320.302,126.15,1398.0
2025-05-01,4.33,4.25,4.5,21833.8,3.89,4.41,4.92,0.52,5911.68994140625,42270.0703125,18.56999969482422,303.6000061035156,104638.09375,63.24895477294922,44.44718933105469,6.29,7.5,6.89,50.1850471496582,40.32787322998047,114.7989501953125,39.49696731567383,39.82668685913086,4.3,158498.0,320.62,126.38,1282.0
2025-06-01,4.33,4.25,4.5,21938.7,3.72,4.24,4.78,0.52,6204.9501953125,44094.76953125,16.729999542236328,304.8299865722656,107135.3359375,65.64628601074219,47.55939865112305,6.15,7.5,6.77,51.75035095214844,40.390384674072266,126.10417938232422,41.42018127441406,39.97592544555664,4.1,158478.0,321.435,126.743,1382.0
2025-07-01,4.33,4.25,4.5,22019.9,3.94,4.37,4.89,0.43,6339.39013671875,44130.98046875,16.719999313354492,302.9599914550781,115758.203125,65.0407943725586,47.874881744384766,6.1,7.5,6.72,51.75035095214844,40.38063430786133,130.83999633789062,42.592315673828125,41.938987731933594,4.3,158542.0,322.169,126.96,1420.0
2025-08-01,4.33,4.25,4.5,22086.8,3.59,4.23,4.92,0.64,6460.259765625,45544.87890625,15.359999656677246,318.07000732421875,108236.7109375,67.7361831665039,49.15653991699219,6.0,7.5,6.56,53.3511848449707,41.25826644897461,130.6956024169922,44.145389556884766,41.27810287475586,4.3,158472.0,323.291,127.293,1291.0
2025-09-01,4.09,4.0,4.25,22169.8,3.6,4.16,4.73,0.56,6688.4599609375,46397.890625,16.280000686645508,355.4700012207031,114056.0859375,70.04407501220703,52.6465950012207,5.83,7.25,6.3,53.407840728759766,41.39630126953125,140.5418243408203,44.004920959472656,42.98025894165039,4.4,158548.0,324.245,127.625,1328.0
2025-10-01,3.86,3.75,4.0,22250.4,3.6,4.11,4.67,0.51,6840.2001953125,47562.87109375,17.440000534057617,368.1199951171875,109556.1640625,71.31010437011719,54.5197868347168,5.74,7.0,6.17,51.92070770263672,40.18772506713867,149.9259033203125,43.4089241027832,43.91171646118164,4.4,158408.0,324.245,127.873,1272.0
2025-11-01,3.89,3.75,4.0,22296.5,3.47,4.02,4.67,0.55,6849.08984375,47716.421875,16.350000381469727,387.8800048828125,90394.3125,71.61434173583984,53.55361557006836,5.86,7.0,6.23,52.872474670410156,40.94430923461914,142.71580505371094,44.55165481567383,44.66575241088867,4.5,158449.0,325.063,128.155,1324.0
2025-12-01,3.64,3.5,3.75,22386.9,3.47,4.18,4.84,0.71,6845.5,48063.2890625,14.949999809265137,396.30999755859375,87508.828125,73.44949340820312,54.709999084472656,5.9,6.75,6.15,54.48990249633789,40.08060073852539,143.7912139892578,44.41977310180664,42.39360809326172,4.4,158432.0,326.031,128.615,1387.0
2026-01-01,3.64,3.5,3.75,22469.1,3.52,4.26,4.87,0.74,6939.02978515625,48892.46875,17.440000534057617,444.95001220703125,78621.1171875,77.61322784423828,59.099998474121094,5.88,6.75,6.1,53.16670227050781,41.15339279174805,143.7013397216797,50.7186164855957,42.94972229003906,4.3,158592.0,326.588,128.969,1487.0
2026-02-01,3.64,3.5,3.75,22667.3,3.38,3.97,4.64,0.59,6878.8798828125,48977.921875,19.860000610351562,483.75,66995.859375,81.69708251953125,62.58000183105469,5.81,6.75,5.98,51.16698455810547,43.54730224609375,138.58767700195312,55.557003021240234,47.398616790771484,4.4,158459.0,327.46,128.969,1487.0
2026-03-01,3.64,3.5,3.75,22667.3,3.79,4.3,4.88,0.51,6528.52001953125,46341.51171875,25.25,430.2900085449219,68233.3125,75.0999984741211,56.790000915527344,6.04,6.75,6.38,49.369998931884766,40.83000183105469,132.89999389648438,61.2599983215332,45.88999938964844,4.3,158637.0,327.46,128.969,1487.0
2026-04-01,3.64,3.5,3.75,22667.3,3.79,4.31,4.88,0.51,6582.68994140625,46504.671875,23.8700008392334,429.4100036621094,66931.1015625,75.58000183105469,56.59000015258789,6.04,6.75,6.46,49.529998779296875,41.61000061035156,135.99000549316406,59.25,46.34000015258789,4.3,158637.0,327.46,128.969,1487.0
