date,^GSPC,^DJI,^VIX,GLD,BTC-USD,VEU,EEM,XLF,XLRE,XLK,XLE,XLU
2000-01-01,1394.4599609375,10940.5302734375,24.950000762939453,,,,,11.181809425354004,,18.812564849853516,6.843845844268799,5.550707817077637
2000-02-01,1366.4200439453125,10128.3095703125,23.3700008392334,,,,,9.984844207763672,,20.789167404174805,6.554119110107422,4.876087188720703
2000-03-01,1498.5799560546875,10921.919921875,24.110000610351562,,,,,11.808311462402344,,22.53321647644043,7.369606018066406,5.408740997314453
2000-04-01,1452.4300537109375,10733.91015625,26.200000762939453,,,,,11.922370910644531,,20.463611602783203,7.259614944458008,5.7627854347229
2000-05-01,1420.5999755859375,10522.330078125,23.649999618530273,,,,,12.188491821289062,,18.335857391357422,8.112072944641113,5.750143051147461
2000-06-01,1454.5999755859375,10447.8896484375,19.540000915527344,,,,,11.597333908081055,,20.161306381225586,7.665776252746582,5.554823875427246
2000-07-01,1430.8299560546875,10521.98046875,20.739999771118164,,,,,12.619729995727539,,19.09161949157715,7.373668670654297,5.640823841094971
2000-08-01,1517.6800537109375,11215.099609375,16.84000015258789,,,,,13.901541709899902,,21.03333282470703,8.178932189941406,5.860596179962158
2000-09-01,1436.510009765625,10650.919921875,20.56999969482422,,,,,14.203760147094727,,17.254549026489258,8.313403129577637,6.635031700134277
2000-10-01,1429.4000244140625,10971.1396484375,23.6299991607666,,,,,14.08131217956543,,16.2662353515625,8.08742904663086,7.020415782928467
2000-11-01,1314.949951171875,10414.490234375,29.649999618530273,,,,,13.361932754516602,,12.929274559020996,7.663238048553467,7.017202854156494
2000-12-01,1320.280029296875,10787.990234375,26.850000381469727,,,,,14.502083778381348,,11.65030574798584,8.445609092712402,6.921448707580566
2001-01-01,1366.010009765625,10887.3603515625,22.020000457763672,,,,,14.467666625976562,,13.878045082092285,8.176498413085938,6.531971454620361
2001-02-01,1239.93994140625,10495.2802734375,28.350000381469727,,,,,13.49431324005127,,10.421558380126953,8.077254295349121,6.667531967163086
2001-03-01,1160.3299560546875,9878.7802734375,28.639999389648438,,,,,13.090132713317871,,9.227226257324219,7.8362812995910645,6.571948051452637
2001-04-01,1249.4599609375,10734.9697265625,25.479999542236328,,,,,13.563621520996094,,10.719210624694824,8.645434379577637,6.889102458953857
2001-05-01,1255.8199462890625,10911.9404296875,22.639999389648438,,,,,14.160422325134277,,10.280172348022461,8.563759803771973,6.937407970428467
2001-06-01,1224.3800048828125,10502.400390625,19.059999465942383,,,,,14.059085845947266,,10.481090545654297,7.783331394195557,6.5893235206604
2001-07-01,1211.22998046875,10522.8095703125,21.6200008392334,,,,,13.925422668457031,,9.755562782287598,7.693573951721191,6.530090808868408
2001-08-01,1133.5799560546875,9949.75,24.920000076293945,,,,,13.004655838012695,,8.564949035644531,7.367879390716553,6.297403812408447
2001-09-01,1040.93994140625,8847.5595703125,31.93000030517578,,,,,12.271899223327637,,7.162262916564941,6.658844947814941,6.23721170425415
2001-10-01,1059.780029296875,9075.1396484375,33.560001373291016,,,,,12.097868919372559,,7.943600177764893,6.927056312561035,5.908936977386475
2001-11-01,1139.449951171875,9851.5595703125,23.84000015258789,,,,,12.883512496948242,,9.130486488342285,6.540217876434326,5.834330081939697
2001-12-01,1148.0799560546875,10021.5703125,23.799999237060547,,,,,13.134453773498535,,8.929572105407715,6.914168357849121,6.021304607391357
2002-01-01,1130.199951171875,9920.0,21.09000015258789,,,,,12.984628677368164,,8.832836151123047,6.668156623840332,5.804342269897461
2002-02-01,1106.72998046875,10106.1298828125,21.59000015258789,,,,,12.759894371032715,,7.6831512451171875,6.896042346954346,5.79359769821167
2002-03-01,1147.3900146484375,10403.9404296875,17.399999618530273,,,,,13.604097366333008,,8.062663078308105,7.506504535675049,6.102519989013672
2002-04-01,1076.9200439453125,9946.2197265625,21.90999984741211,,,,,13.258359909057617,,7.087850093841553,7.236282825469971,5.732212066650391
2002-05-01,1067.1400146484375,9925.25,19.979999542236328,,,,,13.218270301818848,,6.793921947479248,7.108963489532471,5.684569835662842
2002-06-01,989.8200073242188,9243.259765625,25.399999618530273,,,,,12.652887344360352,,5.886077404022217,6.848592281341553,5.30223274230957
2002-07-01,911.6199951171875,8736.58984375,32.029998779296875,,,,,11.600996971130371,,5.327978610992432,5.899721145629883,4.521657943725586
2002-08-01,916.0700073242188,8663.5,32.63999938964844,,,,,11.817410469055176,,5.283330917358398,5.9885969161987305,4.700952529907227
2002-09-01,815.280029296875,7591.93017578125,39.689998626708984,,,,,10.459176063537598,,4.4015350341796875,5.561277866363525,4.131918430328369
2002-10-01,885.760009765625,8397.0302734375,31.139999389648438,,,,,11.415523529052734,,5.4916887283325195,5.6637773513793945,4.0367560386657715
2002-11-01,936.3099975585938,8896.08984375,27.5,,,,,11.840570449829102,,6.362322807312012,5.897690296173096,4.154049396514893
2002-12-01,879.8200073242188,8341.6298828125,28.6200008392334,,,,,11.19895076751709,,5.521434307098389,5.899056434631348,4.288643836975098
2003-01-01,855.7000122070312,8053.81005859375,31.170000076293945,,,,,11.056422233581543,,5.390859603881836,5.751116752624512,4.187866687774658
2003-02-01,841.1500244140625,7891.080078125,29.6299991607666,,,,,10.715359687805176,,5.416974067687988,5.92018985748291,3.963916301727295
2003-03-01,848.1799926757812,7992.1298828125,29.149999618530273,,,,,10.615256309509277,,5.33489990234375,5.927418231964111,4.164717197418213
2003-04-01,916.9199829101562,8480.08984375,21.209999084472656,,,,7.5555500984191895,11.949831008911133,,5.823620319366455,5.876963138580322,4.5246076583862305
2003-05-01,963.5900268554688,8850.259765625,19.469999313354492,,,,8.244824409484863,12.558318138122559,,6.3235344886779785,6.501040935516357,4.981821060180664
2003-06-01,974.5,8985.4404296875,19.520000457763672,,,,8.590896606445312,12.6115140914917,,6.368302345275879,6.417555332183838,5.0494232177734375
2003-07-01,990.3099975585938,9233.7998046875,19.489999771118164,,,,9.078120231628418,13.161174774169922,,6.5660295486450195,6.19074010848999,4.711577892303467
2003-08-01,1008.010009765625,9415.8203125,18.6299991607666,,,,9.803223609924316,13.00706672668457,,6.879408836364746,6.585670471191406,4.805171489715576
2003-09-01,995.969970703125,9275.0595703125,22.719999313354492,,,,9.739455223083496,13.122391700744629,,6.81972074508667,6.449870586395264,5.04409646987915
2003-10-01,1050.7099609375,9801.1201171875,16.100000381469727,,,,10.633651733398438,14.031306266784668,,7.319632530212402,6.511556148529053,5.078644275665283
2003-11-01,1058.199951171875,9782.4599609375,16.31999969482422,,,,10.8335599899292,13.979659080505371,,7.4240922927856445,6.562507629394531,5.090162754058838
2003-12-01,1111.9200439453125,10453.919921875,18.309999465942383,,,,11.806901931762695,14.613714218139648,,7.656876087188721,7.421701908111572,5.4236741065979
2004-01-01,1131.1300048828125,10488.0703125,16.6299991607666,,,,12.092835426330566,15.091675758361816,,7.983744144439697,7.588725566864014,5.5352606773376465
2004-02-01,1144.93994140625,10583.919921875,14.550000190734863,,,,12.571073532104492,15.522847175598145,,7.780858993530273,7.987421035766602,5.639873027801514
2004-03-01,1126.2099609375,10357.7001953125,16.739999771118164,,,,12.640215873718262,15.34257984161377,,7.574225425720215,7.937489032745361,5.6999993324279785
2004-04-01,1107.300048828125,10225.5703125,17.190000534057617,,,,11.401407241821289,14.67459774017334,,7.284926891326904,8.072758674621582,5.456247329711914
2004-05-01,1120.6800537109375,10188.4501953125,15.5,,,,11.534646987915039,14.925090789794922,,7.570464134216309,8.048404693603516,5.5218729972839355
2004-06-01,1140.8399658203125,10435.48046875,14.34000015258789,,,,11.641242980957031,14.991101264953613,,7.777103424072266,8.550354957580566,5.617505073547363
2004-07-01,1101.719970703125,10139.7099609375,15.319999694824219,,,,11.21773910522461,14.671131134033203,,7.303713798522949,8.813815116882324,5.7026190757751465
2004-08-01,1104.239990234375,10173.919921875,15.289999961853027,,,,11.613875389099121,15.148455619812012,,6.980607986450195,8.678008079528809,5.934314250946045
2004-09-01,1114.5799560546875,10080.26953125,13.34000015258789,,,,12.42414665222168,15.009029388427734,,7.1834893226623535,9.525238990783691,5.97198486328125
2004-10-01,1130.199951171875,10027.4697265625,16.270000457763672,,,,12.777782440185547,15.088138580322266,,7.499081611633301,9.58250904083252,6.262836933135986
2004-11-01,1173.8199462890625,10428.01953125,13.239999771118164,45.119998931884766,,,14.04901123046875,15.557506561279297,,7.8823018074035645,10.22879409790039,6.541767597198486
2004-12-01,1211.9200439453125,10783.009765625,13.289999961853027,43.79999923706055,,,14.715777397155762,16.200714111328125,,8.088547706604004,9.940267562866211,6.7028889656066895
2005-01-01,1181.27001953125,10489.9404296875,12.819999694824219,42.220001220703125,,,14.63776683807373,15.850489616394043,,7.632580280303955,10.276904106140137,6.844888210296631
2005-02-01,1203.5999755859375,10766.23046875,12.079999923706055,43.529998779296875,,,16.055028915405273,15.744362831115723,,7.644071578979492,12.001128196716309,6.99170446395874
2005-03-01,1180.5899658203125,10503.759765625,14.020000457763672,42.81999969482422,,,14.78503704071045,15.145326614379883,,7.494645595550537,11.77198314666748,7.0690226554870605
2005-04-01,1156.8499755859375,10192.509765625,15.3100004196167,43.349998474121094,,,14.6005859375,15.17199993133545,,7.230262279510498,11.13491153717041,7.287276744842529
2005-05-01,1191.5,10467.48046875,13.289999961853027,41.650001525878906,,,15.062077522277832,15.620124816894531,,7.732204437255859,11.445207595825195,7.2824249267578125
2005-06-01,1191.3299560546875,10274.9697265625,12.039999961853027,43.439998626708984,,,15.659887313842773,15.81483268737793,,7.632580280303955,12.243993759155273,7.715978145599365
2005-07-01,1234.1800537109375,10640.91015625,11.569999694824219,42.81999969482422,,,16.862810134887695,16.061677932739258,,8.065555572509766,13.111677169799805,7.8895649909973145
2005-08-01,1220.3299560546875,10481.599609375,12.600000381469727,43.400001525878906,,,17.085893630981445,15.798725128173828,,7.9889235496521,13.949061393737793,7.940906047821045
2005-09-01,1228.81005859375,10568.7001953125,11.920000076293945,46.70000076293945,,,18.564403533935547,15.933943748474121,,8.00808048248291,14.82595443725586,8.276676177978516
2005-10-01,1207.010009765625,10440.0703125,15.319999694824219,46.400001525878906,,,17.387725830078125,16.419729232788086,,7.824167728424072,13.486183166503906,7.747061729431152
2005-11-01,1249.47998046875,10805.8701171875,12.0600004196167,49.099998474121094,,,18.393810272216797,17.2023868560791,,8.318440437316895,13.68784236907959,7.734744071960449
2005-12-01,1248.2900390625,10717.5,12.069999694824219,51.58000183105469,,,19.51692008972168,17.205883026123047,,8.062945365905762,13.934149742126465,7.801201343536377
2006-01-01,1280.0799560546875,10864.8603515625,12.949999809265137,56.70000076293945,,,22.287988662719727,17.358009338378906,,8.332998275756836,15.969858169555664,7.990080833435059
2006-02-01,1280.6600341796875,10993.41015625,12.34000015258789,56.06999969482422,,,21.429906845092773,17.727447509765625,,8.352288246154785,14.496402740478516,8.094461441040039
2006-03-01,1294.8699951171875,11109.3203125,11.390000343322754,58.099998474121094,,,21.89433479309082,17.77881622314453,,8.541321754455566,15.11158561706543,7.7195611000061035
2006-04-01,1310.6099853515625,11367.1396484375,11.59000015258789,65.08999633789062,,,23.320783615112305,18.548959732055664,,8.429441452026367,15.87271785736084,7.84225606918335
2006-05-01,1270.0899658203125,11168.3095703125,16.440000534057617,64.2300033569336,,,20.722213745117188,17.849830627441406,,7.881624221801758,15.431044578552246,7.96995210647583
2006-06-01,1270.199951171875,11150.2197265625,13.079999923706055,61.22999954223633,,,20.766443252563477,17.767269134521484,,7.843049049377441,15.822710990905762,8.152819633483887
2006-07-01,1276.6600341796875,11185.6796875,14.949999809265137,63.15999984741211,,,21.25298500061035,18.173824310302734,,7.638582229614258,16.352458953857422,8.544180870056152
2006-08-01,1303.8199462890625,11381.150390625,12.3100004196167,62.290000915527344,,,21.589139938354492,18.388084411621094,,8.174822807312012,15.521599769592285,8.778989791870117
2006-09-01,1335.8499755859375,11679.0703125,11.979999542236328,59.470001220703125,,,21.401159286499023,19.12825584411621,,8.504563331604004,14.95367431640625,8.651300430297852
2006-10-01,1377.93994140625,12080.73046875,11.100000381469727,60.2400016784668,,,22.911645889282227,19.57579803466797,,8.840880393981934,15.591547966003418,9.109445571899414
2006-11-01,1400.6300048828125,12221.9296875,10.90999984741211,64.38999938964844,,,24.28281021118164,19.713937759399414,,9.092155456542969,16.92884063720703,9.351248741149902
2006-12-01,1418.300048828125,12463.150390625,11.5600004196167,63.209999084472656,,,25.608596801757812,20.45585060119629,,9.04317569732666,16.451902389526367,9.431086540222168
2007-01-01,1438.239990234375,12621.6904296875,10.420000076293945,64.83000183105469,,,25.637752532958984,20.645145416259766,,9.225908279418945,16.300363540649414,9.397698402404785
2007-02-01,1406.8199462890625,12268.6298828125,15.420000076293945,66.4800033569336,,,24.807832717895508,20.01598358154297,,8.97708511352539,15.966446876525879,9.895962715148926
2007-03-01,1420.8599853515625,12354.349609375,14.640000343322754,65.73999786376953,,30.89627456665039,26.131208419799805,19.921348571777344,,9.066506385803223,16.97039031982422,10.251507759094238
2007-04-01,1482.3699951171875,13062.91015625,14.220000267028809,67.08999633789062,,32.11524200439453,27.104694366455078,20.692928314208984,,9.494170188903809,17.84029769897461,10.755043029785156
2007-05-01,1530.6199951171875,13627.6396484375,13.050000190734863,65.54000091552734,,33.18183898925781,28.47742462158203,21.190536499023438,,9.972379684448242,19.22823143005371,10.804101943969727
2007-06-01,1503.3499755859375,13408.6201171875,16.229999542236328,64.2699966430664,,33.40454864501953,29.524913787841797,20.339448928833008,,9.959924697875977,19.478879928588867,10.29120922088623
2007-07-01,1455.27001953125,13211.990234375,23.520000457763672,65.79000091552734,,33.01774597167969,29.735759735107422,18.495521545410156,,9.940476417541504,19.48171043395996,9.880393981933594
2007-08-01,1473.989990234375,13357.740234375,23.3799991607666,66.5199966430664,,32.95328140258789,30.045303344726562,18.97336769104004,,10.131110191345215,19.71605110168457,10.036399841308594
2007-09-01,1526.75,13895.6298828125,18.0,73.51000213623047,,34.98099899291992,33.5219841003418,19.43655776977539,,10.513911247253418,21.17486000061035,10.421419143676758
2007-10-01,1549.3800048828125,13930.009765625,18.530000686645508,78.62000274658203,,37.207977294921875,37.5010986328125,19.102420806884766,,11.071379661560059,21.712732315063477,11.115304946899414
2007-11-01,1481.1400146484375,13371.7197265625,22.8700008392334,77.31999969482422,,35.3619270324707,34.63227844238281,17.55632781982422,,10.237125396728516,20.798364639282227,11.188624382019043
2007-12-01,1468.3599853515625,13264.8203125,22.5,82.45999908447266,,34.648590087890625,34.145111083984375,16.533288955688477,,10.440982818603516,22.520732879638672,11.168340682983398
2008-01-01,1378.550048828125,12650.3603515625,26.200000762939453,91.4000015258789,,31.964670181274414,31.098636627197266,16.653297424316406,,9.105507850646973,19.753538131713867,10.347804069519043
2008-02-01,1330.6300048828125,12266.3896484375,26.540000915527344,96.18000030517578,,31.89373779296875,31.71883773803711,14.76165771484375,,8.674710273742676,21.584148406982422,9.92302131652832
2008-03-01,1322.699951171875,12262.8896484375,25.610000610351562,90.41000366210938,,31.864168167114258,30.52841567993164,14.327652931213379,,8.774991035461426,21.07988739013672,10.08231258392334
2008-04-01,1385.5899658203125,12820.1298828125,20.790000915527344,86.6500015258789,,33.75000762939453,33.31818771362305,15.330065727233887,,9.3234281539917,23.26871109008789,10.597860336303711
2008-05-01,1400.3800048828125,12638.3203125,17.829999923706055,87.44999694824219,,34.228858947753906,34.37228012084961,14.264275550842285,,9.930625915527344,24.478395462036133,10.977871894836426
2008-06-01,1280.0,11350.009765625,23.950000762939453,91.4000015258789,,31.361677169799805,31.186159133911133,11.775250434875488,,9.00039291381836,25.250802993774414,10.895941734313965
2008-07-01,1267.3800048828125,11378.01953125,22.940000534057617,90.08000183105469,,30.208900451660156,29.469684600830078,12.571500778198242,,8.780390739440918,21.232589721679688,10.194535255432129
2008-08-01,1282.8299560546875,11543.9599609375,20.649999618530273,81.70999908447266,,28.665939331054688,27.608421325683594,12.449446678161621,,8.937535285949707,21.303932189941406,10.08209228515625
2008-09-01,1166.3599853515625,10850.66015625,39.38999938964844,85.06999969482422,,25.089344024658203,23.5550594329834,11.6710205078125,,7.8249921798706055,18.123071670532227,8.974823951721191
2008-10-01,968.75,9325.009765625,59.88999938964844,71.33999633789062,,19.37862205505371,17.530141830444336,9.112667083740234,,6.563534259796143,14.716049194335938,7.808070659637451
2008-11-01,896.239990234375,8829.0400390625,55.279998779296875,80.30999755859375,,18.066219329833984,15.820561408996582,7.428612232208252,,6.011643886566162,14.39538860321045,8.134870529174805
2008-12-01,903.25,8776.3896484375,40.0,86.5199966430664,,19.59949493408203,17.455381393432617,7.45614767074585,,6.107219219207764,13.747712135314941,7.9395551681518555
2009-01-01,825.8800048828125,8000.85986328125,44.84000015258789,91.30999755859375,,17.052532196044922,15.833576202392578,5.502780914306641,,5.81790828704834,13.503091812133789,7.925874710083008
2009-02-01,735.0900268554688,7062.93017578125,46.349998474121094,92.62999725341797,,15.481905937194824,14.840916633605957,4.526096343994141,,5.59597110748291,11.836792945861816,6.9330925941467285
2009-03-01,797.8699951171875,7608.919921875,44.13999938964844,90.27999877929688,,17.052532196044922,17.343530654907227,5.299325942993164,,6.221653938293457,12.282357215881348,7.064981460571289
2009-04-01,872.8099975585938,8168.1201171875,36.5,87.2699966430664,,19.308412551879883,20.041885375976562,6.454228401184082,,6.870903968811035,13.242728233337402,7.147942543029785
2009-05-01,919.1400146484375,8500.330078125,28.920000076293945,96.19999694824219,,22.2374210357666,23.23656463623047,7.35650110244751,,7.0302300453186035,14.949417114257812,7.4023332595825195
2009-06-01,919.3200073242188,8447.0,26.350000381469727,91.18000030517578,,21.776548385620117,22.713855743408203,7.225140571594238,,7.286109447479248,13.970393180847168,7.7999587059021
2009-07-01,987.47998046875,9171.6103515625,25.920000076293945,93.3499984741211,,24.087003707885742,25.215696334838867,7.866034030914307,,7.882284641265869,14.717611312866211,8.093612670898438
2009-08-01,1020.6199951171875,9496.2802734375,26.010000228881836,93.4000015258789,,24.790451049804688,24.88446807861328,8.887832641601562,,8.010323524475098,14.877522468566895,8.174714088439941
2009-09-01,1057.0799560546875,9712.2802734375,25.610000610351562,98.8499984741211,,26.197338104248047,27.421539306640625,9.060935974121094,,8.38138484954834,15.746720314025879,8.287360191345215
2009-10-01,1036.18994140625,9712.73046875,30.690000534057617,102.52999877929688,,25.366548538208008,26.47718620300293,8.521164894104004,,8.276968002319336,16.135143280029297,8.021759033203125
2009-11-01,1095.6300048828125,10344.83984375,24.510000228881836,115.63999938964844,,26.597579956054688,28.556177139282227,8.891119956970215,,8.734797477722168,16.593629837036133,8.40886116027832
2009-12-01,1115.0999755859375,10428.0498046875,21.68000030517578,107.30999755859375,,26.970914840698242,29.49162483215332,8.765854835510254,,9.241750717163086,16.73973274230957,8.868941307067871
2010-01-01,1073.8699951171875,10067.330078125,24.6200008392334,105.95999908447266,,25.418590545654297,27.20335578918457,8.631925582885742,,8.44775390625,16.002729415893555,8.44293212890625
2010-02-01,1104.489990234375,10325.259765625,19.5,109.43000030517578,,25.752553939819336,27.68659782409668,8.936301231384277,,8.74197769165039,16.48427963256836,8.331430435180664
2010-03-01,1169.4300537109375,10856.6298828125,17.59000015258789,108.94999694824219,,27.484243392944336,29.93222999572754,9.731534004211426,,9.339908599853516,16.948627471923828,8.555588722229004
2010-04-01,1186.68994140625,11008.6103515625,22.049999237060547,115.36000061035156,,27.001850128173828,29.882484436035156,9.859657287597656,,9.457160949707031,17.652851104736328,8.780590057373047
2010-05-01,1089.4100341796875,10136.6298828125,32.06999969482422,118.87999725341797,,24.0579833984375,27.07544708251953,8.956670761108398,,8.749594688415527,15.63150691986084,8.295982360839844
2010-06-01,1030.7099609375,9774.01953125,34.540000915527344,121.68000030517578,,23.736379623413086,26.69676399230957,8.443571090698242,,8.277408599853516,14.705259323120117,8.237738609313965
2010-07-01,1101.5999755859375,10465.9404296875,23.5,115.48999786376953,,26.290611267089844,29.615379333496094,8.993836402893066,,8.894161224365234,15.936627388000488,8.852800369262695
2010-08-01,1049.3299560546875,10014.7197265625,26.049999237060547,122.08000183105469,,25.38766860961914,28.656816482543945,8.290715217590332,,8.395074844360352,15.155187606811523,8.981059074401855
2010-09-01,1141.199951171875,10788.0498046875,23.700000762939453,127.91000366210938,,28.077960968017578,32.02610397338867,8.793444633483887,,9.374253273010254,16.670028686523438,9.241043090820312
2010-10-01,1183.260009765625,11118.490234375,21.200000762939453,132.6199951171875,,29.086042404174805,32.99181365966797,8.922127723693848,,9.91585922241211,17.61564064025879,9.341169357299805
2010-11-01,1180.550048828125,11006.01953125,23.540000915527344,135.4199981689453,,27.892414093017578,32.03325271606445,8.86085033416748,,9.75296688079834,18.647476196289062,9.058460235595703
2010-12-01,1257.6400146484375,11577.509765625,17.75,138.72000122070312,,30.15894889831543,34.36457061767578,9.80933666229248,,10.294807434082031,20.385135650634766,9.339754104614258
2011-01-01,1286.1199951171875,11891.9296875,19.530000686645508,129.8699951171875,,30.3990478515625,33.04452133178711,10.086091995239258,,10.621758460998535,21.84868621826172,9.453001976013184
2011-02-01,1327.219970703125,12226.33984375,18.350000381469727,137.66000366210938,,31.23311996459961,33.03009033203125,10.362845420837402,,10.854710578918457,23.458585739135742,9.569229125976562
2011-03-01,1325.8299560546875,12319.73046875,17.739999771118164,139.86000061035156,,31.16360855102539,35.1075439453125,10.106318473815918,,10.686358451843262,23.900184631347656,9.591361045837402
2011-04-01,1363.6099853515625,12810.5400390625,14.75,152.3699951171875,,32.86332702636719,36.066932678222656,10.100157737731934,,10.965208053588867,24.118959426879883,9.979591369628906
2011-05-01,1345.199951171875,12569.7900390625,15.449999809265137,149.63999938964844,,31.820756912231445,35.00655746459961,9.767179489135742,,10.850384712219238,23.108999252319336,10.193268775939941
2011-06-01,1320.6400146484375,12414.33984375,16.520000457763672,146.0,,31.47321891784668,34.6790771484375,9.499032974243164,,10.580937385559082,22.664823532104492,10.178606033325195
2011-07-01,1292.280029296875,12143.240234375,25.25,158.2899932861328,,30.727624893188477,34.322086334228516,9.158679008483887,,10.62622356414795,22.995695114135742,10.084359169006348
2011-08-01,1218.8900146484375,11613.5302734375,31.6200008392334,177.72000122070312,,28.124330520629883,31.145601272583008,8.27994155883789,,10.062183380126953,20.646495819091797,10.303251266479492
2011-09-01,1131.4200439453125,10913.3798828125,42.959999084472656,158.05999755859375,,24.465839385986328,25.57217788696289,7.336771488189697,,9.75331974029541,17.668561935424805,10.325514793395996
2011-10-01,1253.300048828125,11955.009765625,29.959999084472656,167.33999633789062,,27.27764320373535,29.73221206665039,8.386655807495117,,10.749310493469238,21.050674438476562,10.703285217285156
2011-11-01,1246.9599609375,12045.6796875,27.799999237060547,170.1300048828125,,26.576265335083008,29.149364471435547,7.958005428314209,,10.588130950927734,21.400964736938477,10.813843727111816
2011-12-01,1257.5999755859375,12217.5595703125,23.399999618530273,151.99000549316406,,25.928621292114258,27.906204223632812,8.127771377563477,,10.563896179199219,20.96389389038086,11.174097061157227
2012-01-01,1312.4100341796875,12632.91015625,19.440000534057617,169.30999755859375,,27.70733070373535,30.97337532043457,8.79049015045166,,11.219730377197266,21.436962127685547,10.770365715026855
2012-02-01,1365.6800537109375,12952.0703125,18.43000030517578,164.2899932861328,,29.17868995666504,32.60627746582031,9.228141784667969,,12.016690254211426,22.707599639892578,10.835580825805664
2012-03-01,1408.469970703125,13212.0400390625,15.5,162.1199951171875,,28.917118072509766,31.59122657775879,9.909899711608887,,12.559146881103516,21.84246063232422,10.982833862304688
2012-04-01,1397.9100341796875,13213.6298828125,17.149999618530273,161.8800048828125,,28.393970489501953,31.054288864135742,9.677836418151855,,12.417564392089844,21.687206268310547,11.177167892456055
2012-05-01,1310.3299560546875,12393.4501953125,24.059999465942383,151.6199951171875,,25.156982421875,27.729673385620117,8.787198066711426,,11.630537033081055,19.37053108215332,11.23985767364502
2012-06-01,1362.1600341796875,12880.08984375,17.079999923706055,155.19000244140625,,26.798358917236328,29.1259765625,9.22649097442627,,12.010126113891602,20.302242279052734,11.701939582824707
2012-07-01,1379.3199462890625,13008.6796875,18.93000030517578,156.49000549316406,,26.929147720336914,29.118513107299805,9.239095687866211,,12.231683731079102,21.305580139160156,11.996148109436035
2012-08-01,1406.5799560546875,13090.83984375,17.469999313354492,164.22000122070312,,27.641942977905273,29.237611770629883,9.554210662841797,,12.745870590209961,21.88065528869629,11.499468803405762
2012-09-01,1440.6700439453125,13437.1298828125,15.729999542236328,171.88999938964844,,28.604703903198242,30.763513565063477,9.866034507751465,,12.941235542297363,22.56243896484375,11.633930206298828
2012-10-01,1412.1600341796875,13096.4599609375,18.600000381469727,166.8300018310547,,28.82441520690918,30.629531860351562,10.062213897705078,,12.118505477905273,22.104610443115234,11.796982765197754
2012-11-01,1416.1800537109375,13025.580078125,15.869999885559082,166.0500030517578,,29.343767166137695,31.105911254882812,9.973614692687988,,12.227643966674805,21.8342227935791,11.291850090026855
2012-12-01,1426.18994140625,13104.1396484375,18.020000457763672,162.02000427246094,,30.829362869262695,33.222225189208984,10.43730354309082,,12.179780960083008,22.056652069091797,11.289973258972168
2013-01-01,1498.1099853515625,13860.580078125,14.279999732971191,161.1999969482422,,31.577362060546875,33.12485885620117,11.067745208740234,,12.411972999572754,23.88801383972168,11.826675415039062
2013-02-01,1514.6800537109375,14054.490234375,15.510000228881836,153.0,,31.13934326171875,32.36827087402344,11.2014799118042,,12.509077072143555,23.99301528930664,12.101485252380371
2013-03-01,1569.18994140625,14578.5400390625,12.699999809265137,154.4499969482422,,31.333402633666992,32.038673400878906,11.635398864746094,,12.831521034240723,24.60308074951172,12.751198768615723
2013-04-01,1597.5699462890625,14839.7998046875,13.520000457763672,142.77000427246094,,32.509429931640625,32.428199768066406,11.948485374450684,,13.056194305419922,24.280452728271484,13.51105785369873
2013-05-01,1630.739990234375,15115.5703125,16.299999237060547,133.9199981689453,,31.43479347229004,30.862581253051758,12.676897048950195,,13.420748710632324,24.972240447998047,12.288115501403809
2013-06-01,1606.280029296875,14909.599609375,16.860000610351562,119.11000061035156,,30.3002986907959,29.21891975402832,12.477797508239746,,13.032649993896484,24.40618133544922,12.39803695678711
2013-07-01,1685.72998046875,15499.5400390625,13.449999809265137,127.95999908447266,,31.72555923461914,29.605974197387695,13.144991874694824,,13.518338203430176,25.690383911132812,12.935077667236328
2013-08-01,1632.969970703125,14810.3095703125,17.010000228881836,134.6199951171875,,31.09514808654785,28.85462760925293,12.471379280090332,,13.37774658203125,25.42543601989746,12.289310455322266
2013-09-01,1681.550048828125,15129.669921875,16.600000381469727,128.17999267578125,,33.45169448852539,30.934101104736328,12.823274612426758,,13.716487884521484,25.962993621826172,12.430313110351562
2013-10-01,1756.5400390625,15545.75,13.75,127.73999786376953,,34.56674575805664,32.22429656982422,13.248355865478516,,14.405736923217773,27.052759170532227,12.899317741394043
2013-11-01,1805.81005859375,16086.41015625,13.699999809265137,120.69999694824219,,34.68376159667969,32.140811920166016,13.834450721740723,,14.850961685180664,27.06840705871582,12.6498441696167
2013-12-01,1848.3599853515625,16576.66015625,13.720000267028809,116.12000274658203,,35.19303894042969,32.010128021240234,14.14539909362793,,15.37590217590332,27.845718383789062,12.765089988708496
2014-01-01,1782.5899658203125,15698.849609375,18.40999984741211,120.08999633789062,,33.15346908569336,29.24561309814453,13.627729415893555,,14.980094909667969,26.231796264648438,13.144979476928711
2014-02-01,1859.449951171875,16321.7099609375,14.0,127.62000274658203,,35.01959228515625,30.23349380493164,14.041868209838867,,15.638331413269043,27.575159072875977,13.59884262084961
2014-03-01,1872.3399658203125,16457.66015625,13.880000114440918,123.61000061035156,,35.18400573730469,31.4051513671875,14.509578704833984,,15.70561408996582,28.15654945373535,14.054527282714844
2014-04-01,1883.949951171875,16580.83984375,13.40999984741211,124.22000122070312,,35.70151138305664,31.650203704833984,14.262772560119629,,15.748817443847656,29.63614845275879,14.6477632522583
2014-05-01,1923.5699462890625,16717.169921875,11.399999618530273,120.43000030517578,,36.38688278198242,32.58446502685547,14.477100372314453,,16.34075164794922,30.132505416870117,14.488436698913574
2014-06-01,1960.22998046875,16826.599609375,11.569999694824219,128.0399932861328,,36.99489974975586,33.3670768737793,14.827824592590332,,16.646135330200195,31.793806076049805,15.131999969482422
2014-07-01,1930.6700439453125,16563.30078125,16.950000762939453,123.38999938964844,,36.45012283325195,33.82246780395508,14.612648963928223,,16.928268432617188,30.69167137145996,14.10291862487793
2014-08-01,2003.3699951171875,17098.44921875,12.09000015258789,123.86000061035156,,36.81802749633789,34.779563903808594,15.232105255126953,,17.483877182006836,31.361846923828125,14.796954154968262
2014-09-01,1972.2900390625,17042.900390625,16.309999465942383,116.20999908447266,386.9440002441406,35.02312469482422,32.078094482421875,15.170647621154785,,17.393476486206055,28.930875778198242,14.519805908203125
2014-10-01,2018.050048828125,17390.51953125,14.029999732971191,112.66000366210938,338.3210144042969,35.09425354003906,32.533485412597656,15.609341621398926,,17.672466278076172,27.909257888793945,15.685806274414062
2014-11-01,2067.56005859375,17828.240234375,13.329999923706055,112.11000061035156,378.0469970703125,34.98044967651367,32.03178024291992,15.976007461547852,,18.522520065307617,25.4829158782959,15.86863899230957
2014-12-01,2058.89990234375,17823.0703125,19.200000762939453,113.58000183105469,320.1929931640625,33.59796905517578,30.762191772460938,16.274789810180664,,18.119335174560547,25.429203033447266,16.434703826904297
2015-01-01,1994.989990234375,17164.94921875,20.969999313354492,123.44999694824219,217.46400451660156,33.59081268310547,30.550796508789062,15.142857551574707,,17.48395347595215,24.269529342651367,16.817546844482422
2015-02-01,2104.5,18132.69921875,13.34000015258789,116.16000366210938,254.26300048828125,35.55535125732422,31.8974666595459,16.02471160888672,,18.881786346435547,25.384239196777344,15.74209213256836
2015-03-01,2067.889892578125,17776.119140625,15.289999961853027,113.66000366210938,244.2239990234375,35.05265808105469,31.41986846923828,15.925996780395508,,18.233095169067383,25.090980529785156,15.58541202545166
2015-04-01,2085.510009765625,17840.51953125,14.550000190734863,113.47000122070312,236.14500427246094,36.71428680419922,33.5729866027832,15.939207077026367,,18.734678268432617,26.74042320251465,15.511748313903809
2015-05-01,2107.389892578125,18010.6796875,13.84000015258789,114.0999984741211,230.19000244140625,36.33304214477539,32.19498825073242,16.24966812133789,,19.08226776123047,25.352951049804688,15.609964370727539
2015-06-01,2063.110107421875,17619.509765625,18.229999542236328,112.37000274658203,263.0719909667969,35.31235122680664,31.251388549804688,16.174758911132812,,18.29745101928711,24.469789505004883,14.675859451293945
2015-07-01,2103.840087890625,17689.859375,12.119999885559082,104.93000030517578,284.6499938964844,35.21051788330078,29.27944564819336,16.72540855407715,,18.818971633911133,22.587993621826172,15.57142162322998
2015-08-01,1972.1800537109375,16528.029296875,28.43000030517578,108.81999969482422,230.05599975585938,32.483001708984375,26.692262649536133,15.544482231140137,,17.780345916748047,21.627567291259766,15.029844284057617
2015-09-01,1920.030029296875,16284.7001953125,24.5,106.86000061035156,236.05999755859375,31.17342758178711,25.856151580810547,15.107155799865723,,17.536420822143555,20.071807861328125,15.468329429626465
2015-10-01,2079.360107421875,17663.5390625,15.069999694824219,109.30000305175781,314.1659851074219,33.25749588012695,27.504697799682617,16.053842544555664,21.55961036682129,19.378860473632812,22.311847686767578,15.632692337036133
2015-11-01,2080.409912109375,17719.919921875,16.1299991607666,101.91999816894531,377.3210144042969,32.81875228881836,26.81058120727539,16.373855590820312,21.420286178588867,19.5164852142334,22.308570861816406,15.300387382507324
2015-12-01,2043.93994140625,17425.029296875,18.209999084472656,101.45999908447266,430.5669860839844,31.99245834350586,25.78645896911621,15.98671817779541,21.962797164916992,19.11031723022461,19.962387084960938,15.624627113342285
2016-01-01,1940.239990234375,16466.30078125,20.200000762939453,106.94999694824219,368.7669982910156,30.20159912109375,24.488723754882812,14.571191787719727,20.55843162536621,18.400875091552734,19.264097213745117,16.397193908691406
2016-02-01,1932.22998046875,16516.5,20.549999237060547,118.63999938964844,437.6969909667969,29.464616775512695,24.288455963134766,14.148547172546387,20.657024383544922,18.280399322509766,18.724668502807617,16.714889526367188
2016-03-01,2059.739990234375,17685.08984375,13.949999809265137,117.63999938964844,416.72900390625,31.911039352416992,27.436668395996094,15.161465644836426,22.866735458374023,19.893049240112305,20.628198623657227,18.048139572143555
2016-04-01,2065.300048828125,17773.640625,15.699999809265137,123.6500015258789,448.3179931640625,32.58401870727539,27.54881477355957,15.707283020019531,22.312131881713867,18.89301109313965,22.49803924560547,17.611665725708008
2016-05-01,2096.949951171875,17787.19921875,14.1899995803833,116.05999755859375,531.385986328125,32.32518005371094,26.531452178955078,16.00377082824707,22.696086883544922,19.816804885864258,22.28805160522461,17.87718963623047
2016-06-01,2098.860107421875,17929.990234375,15.630000114440918,126.47000122070312,673.3369750976562,32.0883903503418,27.74104881286621,15.486412048339844,24.080686569213867,19.54376792907715,22.894451141357422,19.240875244140625
2016-07-01,2173.60009765625,18432.240234375,11.869999885559082,128.97999572753906,624.6810302734375,33.451316833496094,29.234676361083984,16.02159309387207,24.860671997070312,20.931713104248047,22.605920791625977,19.112525939941406
2016-08-01,2170.949951171875,18400.880859375,13.420000076293945,124.77999877929688,575.4719848632812,33.68346405029297,29.493032455444336,16.638071060180664,23.930137634277344,21.175050735473633,22.985031127929688,18.05276107788086
2016-09-01,2168.27001953125,18308.150390625,13.289999961853027,125.63999938964844,609.7349853515625,34.21194076538086,30.235809326171875,16.17190933227539,23.616943359375,21.620115280151367,23.832767486572266,18.117935180664062
2016-10-01,2126.14990234375,18142.419921875,17.059999465942383,121.94000244140625,700.9719848632812,33.63207244873047,29.985523223876953,16.540599822998047,22.3052921295166,21.457204818725586,23.16108512878418,18.280668258666992
2016-11-01,2198.81005859375,19123.580078125,13.329999923706055,111.75,745.6909790039062,32.91665267944336,28.66144371032715,18.861644744873047,21.62784194946289,21.493406295776367,25.122116088867188,17.28952407836914
2016-12-01,2238.830078125,19762.599609375,14.039999961853027,109.61000061035156,963.7429809570312,33.554439544677734,28.589021682739258,19.570175170898438,22.56792640686035,21.979127883911133,25.556922912597656,18.136510848999023
2017-01-01,2278.8701171875,19864.08984375,11.989999771118164,115.55000305175781,970.4030151367188,34.944313049316406,30.491695404052734,19.62067222595215,22.538564682006836,22.760848999023438,24.735794067382812,18.364280700683594
2017-02-01,2363.639892578125,20812.240234375,12.920000076293945,119.2300033569336,1179.969970703125,35.38481903076172,31.022478103637695,20.6560001373291,23.588058471679688,23.792539596557617,24.220027923583984,19.3314151763916
2017-03-01,2362.719970703125,20663.220703125,12.369999885559082,118.72000122070312,1071.7900390625,36.443511962890625,32.16571044921875,20.045387268066406,23.339675903320312,24.322172164916992,23.860130310058594,19.305252075195312
2017-04-01,2384.199951171875,20940.509765625,10.819999694824219,120.7699966430664,1347.8900146484375,37.20545196533203,32.712825775146484,19.876441955566406,23.376602172851562,24.810352325439453,23.156951904296875,19.45199203491211
2017-05-01,2411.800048828125,21008.650390625,10.40999984741211,120.62000274658203,2286.409912109375,38.340736389160156,33.64375305175781,19.639915466308594,23.531709671020508,25.791261672973633,22.337722778320312,20.25716209411621
2017-06-01,2423.409912109375,21349.630859375,11.180000305175781,118.0199966430664,2480.840087890625,38.53464889526367,33.95551300048828,20.91912841796875,23.982139587402344,25.06606101989746,22.312774658203125,19.708423614501953
2017-07-01,2470.300048828125,21891.119140625,10.260000228881836,120.75,2875.340087890625,39.83634567260742,35.932621002197266,21.275270462036133,24.272607803344727,26.183774948120117,22.897064208984375,20.186338424682617
2017-08-01,2471.64990234375,21948.099609375,10.59000015258789,125.81999969482422,4703.39013671875,40.09051513671875,36.777618408203125,20.944570541381836,24.518383026123047,26.948759078979492,21.64257049560547,20.850114822387695
2017-09-01,2519.360107421875,22405.08984375,9.510000228881836,121.58000183105469,4338.7099609375,40.82742691040039,36.76121139526367,22.0196533203125,24.183996200561523,27.16916275024414,23.84628677368164,20.275333404541016
2017-10-01,2575.260009765625,23377.240234375,10.180000305175781,120.66999816894531,6468.39990234375,41.62522888183594,37.967166900634766,22.64976692199707,24.379024505615234,28.939067840576172,23.647798538208008,21.06647300720215
2017-11-01,2647.580078125,24272.349609375,11.279999732971191,121.0999984741211,10233.599609375,41.88859176635742,37.819496154785156,23.433137893676758,25.091644287109375,29.34821319580078,24.062185287475586,21.632112503051758
2017-12-01,2673.610107421875,24719.220703125,11.039999961853027,123.6500015258789,14156.400390625,42.74793243408203,39.24210739135742,23.875585556030273,24.981679916381836,29.508392333984375,25.33011817932129,20.321603775024414
2018-01-01,2823.81005859375,26149.390625,13.539999961853027,127.6500015258789,10221.099609375,45.185333251953125,42.49839401245117,25.441057205200195,24.503883361816406,31.58481788635254,26.238021850585938,19.688968658447266
2018-02-01,2713.830078125,25029.19921875,19.850000381469727,125.0,10397.900390625,42.78699493408203,39.99163818359375,24.696815490722656,22.83540916442871,31.455617904663086,23.395132064819336,18.925167083740234
2018-03-01,2640.8701171875,24103.109375,19.969999313354492,125.79000091552734,6973.52978515625,42.59938430786133,40.20816421508789,23.670583724975586,23.709766387939453,30.2811336517334,23.798234939575195,19.64366912841797
2018-04-01,2648.050048828125,24163.150390625,15.930000305175781,124.58999633789062,9240.5498046875,42.842281341552734,39.075531005859375,23.567556381225586,23.564823150634766,30.29964828491211,26.057668685913086,20.044084548950195
2018-05-01,2705.27001953125,24415.83984375,15.430000305175781,123.0999984741211,7494.169921875,41.988250732421875,38.051177978515625,23.335750579833984,24.091197967529297,32.354801177978516,26.8378849029541,19.82248878479004
2018-06-01,2718.3701171875,24271.41015625,16.09000015258789,118.6500015258789,6404.0,41.096778869628906,36.32149124145508,22.928089141845703,25.166044235229492,32.2696647644043,26.99073600769043,20.380264282226562
2018-07-01,2816.2900390625,25415.189453125,12.829999923706055,115.98999786376953,7780.43994140625,42.28591537475586,37.6040153503418,24.100791931152344,25.427631378173828,32.94320297241211,27.410137176513672,20.705820083618164
2018-08-01,2901.52001953125,25964.8203125,12.859999656677246,113.51000213623047,7037.580078125,41.29496765136719,36.18737030029297,24.428457260131836,26.04313087463379,35.117130279541016,26.457597732543945,20.972532272338867
2018-09-01,2913.97998046875,26458.310546875,12.119999885559082,112.76000213623047,6625.56005859375,41.478878021240234,35.977806091308594,23.887248992919922,25.35400390625,35.11035919189453,27.104755401611328,20.836559295654297
2018-10-01,2711.739990234375,25115.759765625,21.229999542236328,115.1500015258789,6317.60986328125,38.036251068115234,32.82597732543945,22.76131248474121,24.949708938598633,32.29985809326172,24.03426170349121,21.24814224243164
2018-11-01,2760.169921875,25538.4609375,18.06999969482422,115.54000091552734,4017.2685546875,38.59408187866211,34.4354248046875,23.358930587768555,26.318092346191406,31.665973663330078,23.658506393432617,22.000083923339844
2018-12-01,2506.85009765625,23327.4609375,25.420000076293945,121.25,3742.700439453125,36.68560791015625,33.2339973449707,20.759321212768555,24.38520050048828,29.01347541809082,20.715576171875,21.121295928955078
2019-01-01,2704.10009765625,24999.669921875,16.56999969482422,124.75,3457.792724609375,39.46238327026367,36.671424865722656,22.606922149658203,27.0046443939209,31.02635383605957,23.038179397583008,21.85567283630371
2019-02-01,2784.489990234375,25916.0,14.779999732971191,123.98999786376953,3854.785400390625,40.10626983642578,36.10986328125,23.11239242553711,27.303558349609375,33.1702880859375,23.569162368774414,22.753686904907227
2019-03-01,2834.39990234375,25928.6796875,13.710000038146973,122.01000213623047,4105.404296875,40.50935363769531,36.51826858520508,22.520856857299805,28.654592514038086,34.752079010009766,24.070735931396484,23.38884925842285
2019-04-01,2945.830078125,26592.91015625,13.119999885559082,121.19999694824219,5350.7265625,41.66444778442383,37.377628326416016,24.544313430786133,28.5042781829834,36.96400451660156,24.067094802856445,23.605968475341797
2019-05-01,2752.06005859375,24815.0390625,18.709999084472656,123.33000183105469,8574.501953125,39.3542366027832,34.63790512084961,22.783645629882812,28.852371215820312,33.76117706298828,21.39499855041504,23.42101287841797
2019-06-01,2941.760009765625,26599.9609375,15.079999923706055,133.1999969482422,10817.1552734375,41.671390533447266,36.78813552856445,24.29959487915039,29.320466995239258,36.778846740722656,23.405086517333984,24.167278289794922
2019-07-01,2980.3798828125,26864.26953125,16.1200008392334,133.2100067138672,10085.6279296875,40.919525146484375,35.81078338623047,24.871871948242188,29.8308048248291,38.06543731689453,23.034048080444336,24.134851455688477
2019-08-01,2926.4599609375,26403.279296875,18.979999542236328,143.75,9630.6640625,39.922489166259766,34.45619201660156,23.700916290283203,31.2661190032959,37.481056213378906,21.11638069152832,25.362876892089844
2019-09-01,2976.739990234375,26916.830078125,16.239999771118164,138.8699951171875,8293.8681640625,41.046112060546875,35.0391731262207,24.777442932128906,31.579795837402344,38.070579528808594,21.94716453552246,26.441213607788086
2019-10-01,3037.56005859375,27046.23046875,13.220000267028809,142.42999267578125,9199.5849609375,42.460933685302734,36.50521469116211,25.396883010864258,31.571760177612305,39.55500793457031,21.487459182739258,26.2410888671875
2019-11-01,3140.97998046875,28051.41015625,12.619999885559082,137.86000061035156,7569.6298828125,42.90511703491211,36.470924377441406,26.679994583129883,31.02589988708496,41.67766571044922,21.832233428955078,25.750978469848633
2019-12-01,3230.780029296875,28538.439453125,13.779999732971191,142.89999389648438,7193.59912109375,44.69324493408203,39.290218353271484,27.376150131225586,31.379806518554688,43.47840118408203,23.147891998291016,26.598325729370117
2020-01-01,3225.52001953125,28256.029296875,18.84000015258789,149.3300018310547,9350.529296875,43.17159652709961,36.87343978881836,26.64682388305664,31.834228515625,45.21430587768555,20.60331916809082,28.39295196533203
2020-02-01,2954.219970703125,25409.359375,40.11000061035156,148.3800048828125,8599.5087890625,40.319541931152344,35.48116683959961,23.649505615234375,29.85422706604004,41.91323471069336,17.45345115661621,25.593994140625
2020-03-01,2584.590087890625,21917.16015625,53.540000915527344,148.0500030517578,6438.64453125,34.21854019165039,29.885784149169922,18.674602508544922,25.344274520874023,38.31793975830078,11.4545316696167,23.035717010498047
2020-04-01,2912.429931640625,24345.720703125,34.150001525878906,158.8000030517578,8658.5537109375,36.54594039916992,32.083656311035156,20.441606521606445,27.731534957885742,43.58146667480469,14.978397369384766,23.804821014404297
2020-05-01,3044.31005859375,25383.109375,27.510000228881836,162.91000366210938,9461.05859375,38.25603103637695,33.038108825683594,20.997730255126953,28.328357696533203,46.70907974243164,15.277962684631348,24.81505012512207
2020-06-01,3100.2900390625,25812.880859375,30.43000030517578,167.3699951171875,9137.9931640625,39.92763137817383,35.22024917602539,20.88794708251953,28.67820930480957,49.95491027832031,15.110589981079102,23.65562629699707
2020-07-01,3271.1201171875,26428.3203125,24.459999084472656,185.42999267578125,11323.466796875,41.49588394165039,38.12664794921875,21.691329956054688,29.87278938293457,52.79471969604492,14.384005546569824,25.500125885009766
2020-08-01,3500.31005859375,28430.05078125,26.40999984741211,184.8300018310547,11680.8203125,43.32411575317383,39.22755432128906,22.6210880279541,29.864547729492188,59.067176818847656,14.232300758361816,24.837785720825195
2020-09-01,3363.0,27781.69921875,26.3700008392334,177.1199951171875,10784.4912109375,42.591060638427734,38.83122634887695,21.84693717956543,29.232080459594727,55.91588592529297,12.153440475463867,25.106361389160156
2020-10-01,3269.9599609375,26501.599609375,38.02000045776367,176.1999969482422,13780.9951171875,41.71306228637695,39.377281188964844,21.656335830688477,28.30381202697754,53.1176872253418,11.654315948486328,26.37478256225586
2020-11-01,3621.6298828125,29638.640625,20.56999969482422,166.6699981689453,19625.8359375,46.972572326660156,42.91779708862305,25.3050594329834,30.25150489807129,59.164459228515625,14.916874885559082,26.569272994995117
2020-12-01,3756.070068359375,30606.48046875,22.75,178.36000061035156,29001.720703125,49.65336990356445,45.97760772705078,26.900800704956055,30.69375991821289,62.443145751953125,15.585165977478027,26.734115600585938
2021-01-01,3714.239990234375,29982.619140625,33.09000015258789,172.61000061035156,33114.359375,49.840538024902344,47.43693161010742,26.417171478271484,30.86166000366211,61.9196662902832,16.169099807739258,26.499605178833008
2021-02-01,3811.14990234375,30932.369140625,27.950000762939453,161.80999755859375,45137.76953125,50.87853240966797,47.810665130615234,29.48320960998535,31.348604202270508,62.764915466308594,19.800159454345703,24.883621215820312
2021-03-01,3972.889892578125,32981.55078125,19.399999618530273,159.9600067138672,58918.83203125,51.76551818847656,47.463623046875,31.20868682861328,33.484657287597656,63.91771697998047,20.388416290283203,27.509355545043945
2021-04-01,4181.169921875,33874.8515625,18.610000610351562,165.66000366210938,57750.17578125,53.096336364746094,48.03311538696289,33.23426055908203,36.26585388183594,67.2336654663086,20.525558471679688,28.660587310791016
2021-05-01,4204.10986328125,34529.44921875,16.760000228881836,178.3800048828125,37332.85546875,54.77691650390625,48.825069427490234,34.819915771484375,36.681339263916016,66.60800170898438,21.697498321533203,27.990474700927734
2021-06-01,4297.5,34502.51171875,15.829999923706055,165.6300048828125,35040.8359375,54.51374053955078,49.28910827636719,33.76160430908203,37.831851959228516,71.19488525390625,22.61615562438965,27.372358322143555
2021-07-01,4395.259765625,34935.46875,18.239999771118164,169.82000732421875,41626.1953125,53.73976135253906,46.11636734008789,33.60517120361328,39.58134460449219,73.9624252319336,20.735326766967773,28.558507919311523
2021-08-01,4522.68017578125,35360.73046875,16.479999542236328,169.69000244140625,47166.6875,54.55672836303711,46.84028625488281,35.33510971069336,40.69078826904297,76.5949935913086,20.319700241088867,29.671072006225586
2021-09-01,4307.5400390625,33843.921875,23.139999389648438,164.22000122070312,43790.89453125,52.73118209838867,45.02602767944336,34.68406677246094,38.14678192138672,72.12190246582031,22.134550094604492,27.863140106201172
2021-10-01,4605.3798828125,35819.55859375,16.260000228881836,166.64999389648438,61318.95703125,54.17575454711914,45.508636474609375,37.20704650878906,41.03888702392578,78.01933288574219,24.420669555664062,29.18476104736328
2021-11-01,4567.0,34483.71875,27.190000534057617,165.5,57005.42578125,51.84886932373047,43.64967346191406,35.08147430419922,40.669864654541016,81.49211120605469,23.196874618530273,28.687515258789062
2021-12-01,4766.18017578125,36338.30078125,17.219999313354492,170.9600067138672,46306.4453125,53.7574462890625,44.30751419067383,36.26169967651367,44.8438835144043,84.13844299316406,23.888927459716797,31.46712303161621
2022-01-01,4515.5498046875,35131.859375,24.829999923706055,168.08999633789062,38483.125,52.46790313720703,44.298439025878906,36.270999908447266,40.97489547729492,78.37984466552734,28.3740177154541,30.44284439086914
2022-02-01,4373.93994140625,33892.6015625,30.149999618530273,178.3800048828125,43193.234375,50.862545013427734,42.3846435546875,35.76955032348633,39.010108947753906,74.55694580078125,30.379831314086914,29.86256217956543
2022-03-01,4530.41015625,34678.3515625,20.559999465942383,180.64999389648438,45538.67578125,50.61315155029297,40.951568603515625,35.723060607910156,42.06270217895508,77.05085754394531,33.216880798339844,32.95191955566406
2022-04-01,4131.93017578125,32977.2109375,33.400001525878906,176.91000366210938,37714.875,47.335025787353516,38.439144134521484,32.1712646484375,40.5654411315918,68.56184387207031,32.65631103515625,31.5357723236084
2022-05-01,4132.14990234375,32990.12109375,26.190000534057617,171.13999938964844,31792.310546875,48.10841751098633,38.67496871948242,33.06620407104492,38.4936408996582,68.09156036376953,37.89262390136719,32.894386291503906
2022-06-01,3785.3798828125,30775.4296875,28.709999084472656,168.4600067138672,19784.7265625,44.423194885253906,36.68024444580078,29.47492790222168,35.855003356933594,61.78920364379883,31.42303466796875,31.2840576171875
2022-07-01,4130.2900390625,32845.12890625,21.329999923706055,164.10000610351562,23336.896484375,45.9259033203125,36.552181243896484,31.59299659729004,38.90873718261719,70.10100555419922,34.459434509277344,32.98810958862305
2022-08-01,3955.0,31510.4296875,25.8700008392334,159.27000427246094,20049.763671875,43.907474517822266,36.067378997802734,30.97444725036621,36.72372817993164,65.74581146240234,35.37343215942383,33.16208267211914
2022-09-01,3585.6201171875,28725.509765625,31.6200008392334,154.6699981689453,19431.7890625,39.658878326416016,31.905410766601562,28.603055953979492,31.886734008789062,57.8779296875,31.992177963256836,29.421072006225586
2022-10-01,3871.97998046875,32732.94921875,25.8799991607666,151.91000366210938,20495.7734375,41.00885772705078,31.27425193786621,32.01356506347656,32.52429962158203,62.30722427368164,39.979122161865234,29.991436004638672
2022-11-01,4080.110107421875,34589.76953125,20.579999923706055,164.80999755859375,17168.56640625,46.39981460571289,36.14970779418945,34.20872497558594,34.746891021728516,66.24922943115234,40.489967346191406,32.07979202270508
2022-12-01,3839.5,33147.25,21.670000076293945,169.63999938964844,16547.49609375,45.382381439208984,35.19626235961914,32.422874450683594,33.072689056396484,60.80998992919922,39.25545120239258,31.921184539794922
2023-01-01,4076.60009765625,34086.0390625,19.399999618530273,179.41000366210938,23139.283203125,49.32868194580078,38.409427642822266,34.660240173339844,36.35040283203125,66.43946838378906,40.359474182128906,31.28275489807129
2023-02-01,3970.14990234375,32656.69921875,20.700000762939453,169.77999877929688,23147.353515625,47.165462493896484,35.502716064453125,33.8638916015625,34.218990325927734,66.71311950683594,37.55904006958008,29.430877685546875
2023-03-01,4109.31005859375,33274.1484375,18.700000762939453,183.22000122070312,28478.484375,48.50647735595703,36.64497375488281,30.630674362182617,33.713897705078125,73.95684051513672,37.561038970947266,30.874767303466797
2023-04-01,4169.47998046875,34098.16015625,15.779999732971191,184.8000030517578,29268.806640625,49.422725677490234,36.33851623535156,31.602468490600586,34.04761505126953,73.86868286132812,38.60401916503906,31.46316146850586
2023-05-01,4179.830078125,32908.26953125,17.940000534057617,182.32000732421875,27219.658203125,47.735382080078125,35.46556854248047,30.25910186767578,32.50532913208008,80.45579528808594,34.73137664794922,29.615875244140625
2023-06-01,4450.3798828125,34407.6015625,13.59000015258789,178.27000427246094,30477.251953125,49.899662017822266,37.02565002441406,32.26105499267578,34.320411682128906,85.32592010498047,37.13248062133789,30.088581085205078
2023-07-01,4588.9599609375,35559.53125,13.630000114440918,182.35000610351562,29230.111328125,51.77973175048828,39.26253890991211,33.81142044067383,34.77570343017578,87.52950286865234,40.01909255981445,30.838027954101562
2023-08-01,4507.66015625,34721.91015625,13.569999694824219,180.02000427246094,25931.47265625,49.50531768798828,36.6606330871582,32.90226364135742,33.71030807495117,86.20932006835938,40.67783737182617,28.948301315307617
2023-09-01,4288.0498046875,33507.5,17.520000457763672,171.4499969482422,26967.916015625,47.835933685302734,35.51879119873047,31.886165618896484,31.27139663696289,80.62438201904297,41.65545654296875,27.314916610717773
2023-10-01,4193.7998046875,33052.87109375,18.139999389648438,184.08999633789062,34667.78125,46.30502700805664,34.348873138427734,31.10751724243164,30.38106918334961,80.66372680664062,39.25907897949219,27.667184829711914
2023-11-01,4567.7998046875,35950.890625,12.920000076293945,188.75,37712.74609375,50.113834381103516,37.02565002441406,34.510501861572266,34.17182159423828,91.0657730102539,38.97796630859375,29.09017562866211
2023-12-01,4769.830078125,37689.5390625,12.449999809265137,191.1699981689453,42265.1875,52.57207489013672,38.34573745727539,36.32365036010742,37.16046905517578,94.87476348876953,39.008052825927734,29.630908966064453
2024-01-01,4845.64990234375,38150.30078125,14.350000381469727,188.4499969482422,42582.60546875,51.7011833190918,36.61011505126953,37.444278717041016,35.37017059326172,97.43787384033203,38.807979583740234,28.751291275024414
2024-02-01,5096.27001953125,38996.390625,13.399999618530273,189.30999755859375,61198.3828125,53.339962005615234,38.13593673706055,38.970645904541016,36.27923583984375,102.02191162109375,40.07817077636719,29.055416107177734
2024-03-01,5254.35009765625,39807.37109375,13.010000228881836,205.72000122070312,71333.6484375,55.12602996826172,39.1754035949707,40.843414306640625,36.918487548828125,102.8272933959961,44.28091812133789,30.970170974731445
2024-04-01,5035.68994140625,37815.921875,15.649999618530273,211.8699951171875,60636.85546875,53.744354248046875,39.08957290649414,39.13676452636719,33.79914093017578,96.90263366699219,43.86347961425781,31.484376907348633
2024-05-01,5277.509765625,38686.3203125,12.920000076293945,215.3000030517578,67491.4140625,55.868553161621094,39.852481842041016,40.377960205078125,35.536258697509766,103.76042175292969,43.7133903503418,34.305416107177734
2024-06-01,5460.47998046875,39118.859375,12.4399995803833,215.00999450683594,62678.29296875,55.54730224609375,40.89582824707031,40.021873474121094,36.236915588378906,111.89046478271484,43.0952033996582,32.403995513916016
2024-07-01,5522.2998046875,40842.7890625,16.360000610351562,226.5500030517578,64619.25,56.9587287902832,41.24150848388672,42.58226013183594,38.85963439941406,108.21568298339844,44.069156646728516,34.61530685424805
2024-08-01,5648.39990234375,41563.078125,15.0,231.2899932861328,58969.8984375,58.426979064941406,41.644798278808594,44.52932357788086,41.08612060546875,108.97239685058594,43.15666580200195,36.279727935791016
2024-09-01,5762.47998046875,42330.1484375,16.729999542236328,243.05999755859375,63329.5,59.91582107543945,44.03575134277344,44.280452728271484,42.438148498535156,111.85857391357422,41.85415267944336,38.67526626586914
2024-10-01,5705.4501953125,41763.4609375,23.15999984741211,253.50999450683594,70215.1875,57.195838928222656,42.68183898925781,45.413841247558594,41.04159927368164,110.114501953125,42.230743408203125,38.258731842041016
2024-11-01,6032.3798828125,44910.6484375,13.510000228881836,245.58999633789062,96449.0546875,56.97710037231445,41.5391731262207,50.16236114501953,42.75166320800781,115.8075180053711,45.539031982421875,39.70462417602539
2024-12-01,5881.6298828125,42544.21875,17.350000381469727,242.1300048828125,93429.203125,55.49627685546875,40.834388732910156,47.42279815673828,39.053524017333984,115.39675903320312,41.17658615112305,36.53853988647461
2025-01-01,6040.52978515625,44544.66015625,16.43000030517578,258.55999755859375,102405.0234375,57.39094161987305,41.71318054199219,50.503849029541016,39.773712158203125,114.54811096191406,42.128360748291016,37.59573745727539
2025-02-01,5954.5,43840.91015625,19.6299991607666,263.2699890136719,84373.0078125,58.57994079589844,42.191627502441406,51.200523376464844,41.434959411621094,111.9277114868164,43.74351501464844,38.24260330200195
2025-03-01,5611.85009765625,42001.76171875,22.280000686645508,288.1400146484375,82548.9140625,58.8177490234375,42.67008590698242,49.05253219604492,40.443843841552734,102.65335845947266,45.27157211303711,38.33415603637695
2025-04-01,5569.06005859375,40669.359375,24.700000762939453,303.7699890136719,94207.3125,60.44672775268555,42.728668212890625,48.018497467041016,39.912322998046875,104.38843536376953,38.99798583984375,38.35846710205078
2025-05-01,5911.68994140625,42270.0703125,18.56999969482422,303.6000061035156,104638.09375,63.24895477294922,44.44718933105469,50.1850471496582,40.327880859375,114.7989501953125,39.49696731567383,39.826683044433594
2025-06-01,6204.9501953125,44094.76953125,16.729999542236328,304.8299865722656,107135.3359375,65.64628601074219,47.55939865112305,51.75035095214844,40.390380859375,126.10417175292969,41.4201774597168,39.975929260253906
2025-07-01,6339.39013671875,44130.98046875,16.719999313354492,302.9599914550781,115758.203125,65.04078674316406,47.874881744384766,51.75035095214844,40.380638122558594,130.83999633789062,42.59231185913086,41.938987731933594
2025-08-01,6460.259765625,45544.87890625,15.359999656677246,318.07000732421875,108236.7109375,67.7361831665039,49.15653991699219,53.3511848449707,41.258262634277344,130.69558715820312,44.1453857421875,41.27810287475586
2025-09-01,6688.4599609375,46397.890625,16.280000686645508,355.4700012207031,114056.0859375,70.0440673828125,52.6465950012207,53.407840728759766,41.39630126953125,140.5418243408203,44.00491714477539,42.98025894165039
2025-10-01,6840.2001953125,47562.87109375,17.440000534057617,368.1199951171875,109556.1640625,71.31010437011719,54.5197868347168,51.92070770263672,40.18772506713867,149.9259033203125,43.40892791748047,43.91171646118164
2025-11-01,6849.08984375,47716.421875,16.350000381469727,387.8800048828125,90394.3125,71.61434173583984,53.55361557006836,52.872474670410156,40.94430923461914,142.71580505371094,44.551658630371094,44.66575622558594
2025-12-01,6845.5,48063.2890625,14.949999809265137,396.30999755859375,87508.828125,73.44949340820312,54.709999084472656,54.48990249633789,40.08060073852539,143.7912139892578,44.41977310180664,42.39360809326172
2026-01-01,6939.02978515625,48892.46875,17.440000534057617,444.95001220703125,78621.1171875,77.61322784423828,59.099998474121094,53.16670227050781,41.15339279174805,143.7013397216797,50.7186164855957,42.94972229003906
2026-02-01,6878.8798828125,48977.921875,19.860000610351562,483.75,66995.859375,81.69708251953125,62.58000183105469,51.16698455810547,43.54730224609375,138.58767700195312,55.557003021240234,47.398616790771484
2026-03-01,6528.52001953125,46341.51171875,25.25,430.2900085449219,68233.3125,75.0999984741211,56.790000915527344,49.369998931884766,40.83000183105469,132.89999389648438,61.2599983215332,45.88999938964844
2026-04-01,6582.68994140625,46504.671875,23.8700008392334,429.4100036621094,66931.1015625,75.58000183105469,56.59000015258789,49.529998779296875,41.61000061035156,135.99000549316406,59.25,46.34000015258789
