month,neighborhood,value
2000-01-31,Burbank,265039.5418132716
2000-01-31,Glendale,263983.95862065454
2000-01-31,Pasadena,268581.1574054726
2000-01-31,Santa Monica,354076.01994594658
2000-02-29,Burbank,265488.2033394073
2000-02-29,Glendale,264288.810783622
2000-02-29,Pasadena,269186.2954815991
2000-02-29,Santa Monica,354237.83468259952
2000-03-31,Burbank,266840.95137860026
2000-03-31,Glendale,265621.28251765226
2000-03-31,Pasadena,270574.0706410197
2000-03-31,Santa Monica,355758.14176802331
2000-04-30,Burbank,269402.7044786239
2000-04-30,Glendale,268120.94489392877
2000-04-30,Pasadena,273210.41551535367
2000-04-30,Santa Monica,359232.58810730511
2000-05-31,Burbank,272484.8412972629
2000-05-31,Glendale,271079.9481781013
2000-05-31,Pasadena,276098.7102254383
2000-05-31,Santa Monica,365351.20282596169
2000-06-30,Burbank,275248.19286507746
2000-06-30,Glendale,273799.6519740816
2000-06-30,Pasadena,278828.0646256185
2000-06-30,Santa Monica,372998.16893923312
2000-07-31,Burbank,278084.7077906818
2000-07-31,Glendale,276442.4754365476
2000-07-31,Pasadena,281626.56191257946
2000-07-31,Santa Monica,380981.00699169288
2000-08-31,Burbank,281098.7147014552
2000-08-31,Glendale,278965.38230640366
2000-08-31,Pasadena,284598.213829088
2000-08-31,Santa Monica,387464.9316776038
2000-09-30,Burbank,283963.64410372596
2000-09-30,Glendale,280998.35791285307
2000-09-30,Pasadena,287346.0942645804
2000-09-30,Santa Monica,392047.34328246134
2000-10-31,Burbank,286280.64099689847
2000-10-31,Glendale,282515.82696478366
2000-10-31,Pasadena,289547.39130470564
2000-10-31,Santa Monica,395818.2116739559
2000-11-30,Burbank,288312.9816585822
2000-11-30,Glendale,284138.9307698814
2000-11-30,Pasadena,291630.20885250135
2000-11-30,Santa Monica,399514.09050376544
2000-12-31,Burbank,290319.85296176287
2000-12-31,Glendale,285917.21434183704
2000-12-31,Pasadena,293592.3134032083
2000-12-31,Santa Monica,404483.98686368886
2001-01-31,Burbank,291706.88311524113
2001-01-31,Glendale,287183.05091516074
2001-01-31,Pasadena,294971.9774579419
2001-01-31,Santa Monica,408574.28063880064
2001-02-28,Burbank,293207.31900594203
2001-02-28,Glendale,288456.1590042
2001-02-28,Pasadena,296349.1269906198
2001-02-28,Santa Monica,412453.98530812794
2001-03-31,Burbank,295135.0054505602
2001-03-31,Glendale,290165.5733798607
2001-03-31,Pasadena,298174.6119203262
2001-03-31,Santa Monica,416429.11258451018
2001-04-30,Burbank,298258.80667759746
2001-04-30,Glendale,293034.42467997986
2001-04-30,Pasadena,301241.50560077257
2001-04-30,Santa Monica,421784.79473153624
2001-05-31,Burbank,301359.1430560955
2001-05-31,Glendale,296012.8212489714
2001-05-31,Pasadena,304388.1102791403
2001-05-31,Santa Monica,425284.06360178307
2001-06-30,Burbank,304424.37783390476
2001-06-30,Glendale,299053.2992455395
2001-06-30,Pasadena,307624.2822217872
2001-06-30,Santa Monica,427426.77035467286
2001-07-31,Burbank,307389.4265122107
2001-07-31,Glendale,301948.33497791464
2001-07-31,Pasadena,310851.9216439896
2001-07-31,Santa Monica,428818.088526956
2001-08-31,Burbank,310421.3291745349
2001-08-31,Glendale,304932.75685296615
2001-08-31,Pasadena,314323.7185026387
2001-08-31,Santa Monica,431879.23096426361
2001-09-30,Burbank,313188.1238295745
2001-09-30,Glendale,307441.8263629233
2001-09-30,Pasadena,317349.9909146933
2001-09-30,Santa Monica,434445.16547910467
2001-10-31,Burbank,315681.40946920385
2001-10-31,Glendale,309796.62082975986
2001-10-31,Pasadena,320183.5484856593
2001-10-31,Santa Monica,435961.82761409396
2001-11-30,Burbank,317977.11395668605
2001-11-30,Glendale,311845.0407024023
2001-11-30,Pasadena,322583.9664454064
2001-11-30,Santa Monica,437729.01251502126
2001-12-31,Burbank,320059.1090189927
2001-12-31,Glendale,313929.4236938897
2001-12-31,Pasadena,324947.26677458856
2001-12-31,Santa Monica,440000.78120619961
2002-01-31,Burbank,321465.5178289304
2002-01-31,Glendale,315387.73758910707
2002-01-31,Pasadena,326666.33404185274
2002-01-31,Santa Monica,440635.4614016579
2002-02-28,Burbank,323117.0393421129
2002-02-28,Glendale,317444.59943176707
2002-02-28,Pasadena,328944.9510017841
2002-02-28,Santa Monica,440706.63211269357
2002-03-31,Burbank,325849.22305598133
2002-03-31,Glendale,320348.3144707812
2002-03-31,Pasadena,332237.0214578989
2002-03-31,Santa Monica,440782.09963768191
2002-04-30,Burbank,330179.69394211116
2002-04-30,Glendale,324534.70232960366
2002-04-30,Pasadena,336769.803689358
2002-04-30,Santa Monica,443803.59073960246
2002-05-31,Burbank,335368.8745581746
2002-05-31,Glendale,329086.0659618981
2002-05-31,Pasadena,342065.69815434207
2002-05-31,Santa Monica,448023.48981160513
2002-06-30,Burbank,340763.1668464598
2002-06-30,Glendale,333659.94383670355
2002-06-30,Pasadena,347181.85523027554
2002-06-30,Santa Monica,453051.12743163807
2002-07-31,Burbank,347004.97907737945
2002-07-31,Glendale,339214.552576803
2002-07-31,Pasadena,353074.8217330058
2002-07-31,Santa Monica,460380.3171070239
2002-08-31,Burbank,353535.108908824
2002-08-31,Glendale,344986.0700311927
2002-08-31,Pasadena,358985.94416706444
2002-08-31,Santa Monica,468462.9741429
2002-09-30,Burbank,360514.69783258066
2002-09-30,Glendale,351049.87704225635
2002-09-30,Pasadena,365591.26111296384
2002-09-30,Santa Monica,476897.58279340644
2002-10-31,Burbank,367096.57193762047
2002-10-31,Glendale,356523.0278682304
2002-10-31,Pasadena,371857.29279909167
2002-10-31,Santa Monica,483583.90800893027
2002-11-30,Burbank,373546.773026349
2002-11-30,Glendale,361977.26729583833
2002-11-30,Pasadena,378164.5259008648
2002-11-30,Santa Monica,489628.09082518547
2002-12-31,Burbank,379648.9198220279
2002-12-31,Glendale,367248.4202264426
2002-12-31,Pasadena,384116.8715955165
2002-12-31,Santa Monica,496479.75318757846
2003-01-31,Burbank,384511.7979204156
2003-01-31,Glendale,371551.52360542933
2003-01-31,Pasadena,388978.65249283036
2003-01-31,Santa Monica,501101.86077207158
2003-02-28,Burbank,388763.6018527211
2003-02-28,Glendale,375381.92225563497
2003-02-28,Pasadena,393297.02635614964
2003-02-28,Santa Monica,505969.77495922026
2003-03-31,Burbank,393446.1585030479
2003-03-31,Glendale,379564.4797347574
2003-03-31,Pasadena,397934.75254061486
2003-03-31,Santa Monica,511398.57664778148
2003-04-30,Burbank,398497.39527142834
2003-04-30,Glendale,384343.49158579856
2003-04-30,Pasadena,403089.900738537
2003-04-30,Santa Monica,519475.88100046478
2003-05-31,Burbank,404302.1621892745
2003-05-31,Glendale,389862.82283582585
2003-05-31,Pasadena,409265.4166415658
2003-05-31,Santa Monica,527232.44679371035
2003-06-30,Burbank,409066.39851912175
2003-06-30,Glendale,394546.6504566539
2003-06-30,Pasadena,414418.4452884411
2003-06-30,Santa Monica,532006.32993139338
2003-07-31,Burbank,415489.29332663765
2003-07-31,Glendale,400295.88746266154
2003-07-31,Pasadena,420966.8108843009
2003-07-31,Santa Monica,536475.21510485478
2003-08-31,Burbank,422431.8618158009
2003-08-31,Glendale,406735.21734019066
2003-08-31,Pasadena,428041.3065066715
2003-08-31,Santa Monica,541808.06414100889
2003-09-30,Burbank,429879.1727253331
2003-09-30,Glendale,414025.7510589296
2003-09-30,Pasadena,436058.3640354304
2003-09-30,Santa Monica,548468.651991123
2003-10-31,Burbank,435500.23264089116
2003-10-31,Glendale,419990.4967422621
2003-10-31,Pasadena,442186.2134232316
2003-10-31,Santa Monica,555580.06924527255
2003-11-30,Burbank,440540.44719912024
2003-11-30,Glendale,425385.78413669654
2003-11-30,Pasadena,447518.52871111035
2003-11-30,Santa Monica,562388.93570264766
2003-12-31,Burbank,445568.09496970807
2003-12-31,Glendale,431086.9378076356
2003-12-31,Pasadena,453021.51529603195
2003-12-31,Santa Monica,570361.1249314415
2004-01-31,Burbank,451380.32527104416
2004-01-31,Glendale,437598.9038012148
2004-01-31,Pasadena,459752.92860981525
2004-01-31,Santa Monica,578153.32587854133
2004-02-29,Burbank,458021.7284857083
2004-02-29,Glendale,444862.55808790587
2004-02-29,Pasadena,467265.96436712734
2004-02-29,Santa Monica,587674.078884895
2004-03-31,Burbank,465802.00525997306
2004-03-31,Glendale,452750.2904701485
2004-03-31,Pasadena,475327.4348512385
2004-03-31,Santa Monica,597844.11409439438
2004-04-30,Burbank,475910.2110936426
2004-04-30,Glendale,462763.3632757107
2004-04-30,Pasadena,485535.2326317956
2004-04-30,Santa Monica,612171.84164943406
2004-05-31,Burbank,488366.93270883063
2004-05-31,Glendale,474867.88207408733
2004-05-31,Pasadena,497724.5486588588
2004-05-31,Santa Monica,629480.5868011358
2004-06-30,Burbank,501080.3223286471
2004-06-30,Glendale,487039.746644537
2004-06-30,Pasadena,510350.66028892394
2004-06-30,Santa Monica,650568.59370020649
2004-07-31,Burbank,512599.95780988195
2004-07-31,Glendale,498071.5042025959
2004-07-31,Pasadena,521553.5085832118
2004-07-31,Santa Monica,670894.44706705457
2004-08-31,Burbank,522559.57380507706
2004-08-31,Glendale,507671.8138659731
2004-08-31,Pasadena,531506.7782764685
2004-08-31,Santa Monica,691247.86848200194
2004-09-30,Burbank,533459.47881745
2004-09-30,Glendale,518205.4322052027
2004-09-30,Pasadena,542071.2880208446
2004-09-30,Santa Monica,711327.77032761835
2004-10-31,Burbank,544216.1726558126
2004-10-31,Glendale,528409.6753420745
2004-10-31,Pasadena,552726.3709860862
2004-10-31,Santa Monica,728891.64824220433
2004-11-30,Burbank,552659.5771212653
2004-11-30,Glendale,535964.03084332
2004-11-30,Pasadena,560368.3858888877
2004-11-30,Santa Monica,741055.04028518044
2004-12-31,Burbank,558894.6768246483
2004-12-31,Glendale,541375.8256631299
2004-12-31,Pasadena,566094.4177498597
2004-12-31,Santa Monica,745979.46802017326
2005-01-31,Burbank,563250.31238902
2005-01-31,Glendale,545006.1584114901
2005-01-31,Pasadena,570061.5188799194
2005-01-31,Santa Monica,749054.11035167053
2005-02-28,Burbank,569484.8829941554
2005-02-28,Glendale,550890.4941724081
2005-02-28,Pasadena,576639.5745806337
2005-02-28,Santa Monica,753886.54925584013
2005-03-31,Burbank,575978.8813702512
2005-03-31,Glendale,557207.996856087
2005-03-31,Pasadena,583768.2172449464
2005-03-31,Santa Monica,761800.82078657823
2005-04-30,Burbank,583437.4521740318
2005-04-30,Glendale,564563.2885454947
2005-04-30,Pasadena,591651.7814269852
2005-04-30,Santa Monica,769494.5318654814
2005-05-31,Burbank,589960.2515007886
2005-05-31,Glendale,571039.6953970934
2005-05-31,Pasadena,598489.3859999686
2005-05-31,Santa Monica,774709.11251520785
2005-06-30,Burbank,597228.523403982
2005-06-30,Glendale,578713.6151010277
2005-06-30,Pasadena,606206.2237101159
2005-06-30,Santa Monica,780109.35221553815
2005-07-31,Burbank,605957.5641519475
2005-07-31,Glendale,587536.5646168034
2005-07-31,Pasadena,615051.7475915918
2005-07-31,Santa Monica,788442.11270154419
2005-08-31,Burbank,615511.7197944922
2005-08-31,Glendale,597456.5831983251
2005-08-31,Pasadena,624936.0262083123
2005-08-31,Santa Monica,798604.18897426443
2005-09-30,Burbank,625645.6303036137
2005-09-30,Glendale,607226.1623606371
2005-09-30,Pasadena,634800.6358011991
2005-09-30,Santa Monica,807697.25202870741
2005-10-31,Burbank,636431.647669209
2005-10-31,Glendale,617821.0432029526
2005-10-31,Pasadena,645445.241230125
2005-10-31,Santa Monica,817152.44876848033
2005-11-30,Burbank,645207.5885728417
2005-11-30,Glendale,626117.0107847524
2005-11-30,Pasadena,653889.6905197635
2005-11-30,Santa Monica,822881.14289199153
2005-12-31,Burbank,652799.7286849632
2005-12-31,Glendale,633404.3445237562
2005-12-31,Pasadena,661122.1210230001
2005-12-31,Santa Monica,828123.24006622052
2006-01-31,Burbank,659199.0146703712
2006-01-31,Glendale,639624.9689597911
2006-01-31,Pasadena,667453.123433561
2006-01-31,Santa Monica,831888.7904920039
2006-02-28,Burbank,664644.1116099786
2006-02-28,Glendale,645153.9610184309
2006-02-28,Pasadena,672806.6715745513
2006-02-28,Santa Monica,836073.356108003
2006-03-31,Burbank,670329.1705886842
2006-03-31,Glendale,650579.9028708674
2006-03-31,Pasadena,678007.5321500517
2006-03-31,Santa Monica,841200.44028281362
2006-04-30,Burbank,674926.281905441
2006-04-30,Glendale,654592.2739729332
2006-04-30,Pasadena,681668.9126589862
2006-04-30,Santa Monica,844207.20952301368
2006-05-31,Burbank,680644.3401115058
2006-05-31,Glendale,659557.1984493163
2006-05-31,Pasadena,686239.7769329465
2006-05-31,Santa Monica,848926.0677657238
2006-06-30,Burbank,685219.2700028416
2006-06-30,Glendale,663479.6931767524
2006-06-30,Pasadena,689658.4201414011
2006-06-30,Santa Monica,851622.48691846617
2006-07-31,Burbank,687442.3775791164
2006-07-31,Glendale,665716.4041251279
2006-07-31,Pasadena,691348.8853332169
2006-07-31,Santa Monica,852968.08199058333
2006-08-31,Burbank,688531.4659121797
2006-08-31,Glendale,666306.2644560557
2006-08-31,Pasadena,692284.4903844042
2006-08-31,Santa Monica,853074.93170657067
2006-09-30,Burbank,686305.3401412874
2006-09-30,Glendale,663935.459933173
2006-09-30,Pasadena,690908.485111779
2006-09-30,Santa Monica,850478.96914506366
2006-10-31,Burbank,684968.6247241
2006-10-31,Glendale,661923.9368722024
2006-10-31,Pasadena,690268.1392069425
2006-10-31,Santa Monica,849585.24176180421
2006-11-30,Burbank,683910.7183572791
2006-11-30,Glendale,660539.8710124622
2006-11-30,Pasadena,690331.1318838933
2006-11-30,Santa Monica,853303.73132874258
2006-12-31,Burbank,684487.5802034601
2006-12-31,Glendale,660720.3980524675
2006-12-31,Pasadena,692045.3280675298
2006-12-31,Santa Monica,861872.5448053492
2007-01-31,Burbank,684359.1868291881
2007-01-31,Glendale,660429.7323971505
2007-01-31,Pasadena,692886.8266282594
2007-01-31,Santa Monica,868906.02012711077
2007-02-28,Burbank,683533.6621844749
2007-02-28,Glendale,659382.0762914406
2007-02-28,Pasadena,692542.2780789075
2007-02-28,Santa Monica,871869.46166067629
2007-03-31,Burbank,681496.8012476834
2007-03-31,Glendale,657453.1540497112
2007-03-31,Pasadena,691089.1999050501
2007-03-31,Santa Monica,871604.19192617934
2007-04-30,Burbank,680010.5843801767
2007-04-30,Glendale,656046.1031573453
2007-04-30,Pasadena,690600.9012351237
2007-04-30,Santa Monica,872485.06771321746
2007-05-31,Burbank,676410.7063372837
2007-05-31,Glendale,653294.8196747267
2007-05-31,Pasadena,688746.777375916
2007-05-31,Santa Monica,870304.993414586
2007-06-30,Burbank,672360.7235969632
2007-06-30,Glendale,650526.6046529413
2007-06-30,Pasadena,686461.2796293044
2007-06-30,Santa Monica,865921.97917488264
2007-07-31,Burbank,666717.2910508603
2007-07-31,Glendale,646363.9282066267
2007-07-31,Pasadena,682364.200927921
2007-07-31,Santa Monica,858335.65102910774
2007-08-31,Burbank,661423.556620329
2007-08-31,Glendale,641972.2163732104
2007-08-31,Pasadena,678017.5997711137
2007-08-31,Santa Monica,851280.75670134893
2007-09-30,Burbank,656071.8742072951
2007-09-30,Glendale,637064.4017362626
2007-09-30,Pasadena,673124.1246676096
2007-09-30,Santa Monica,845531.3152341583
2007-10-31,Burbank,649522.2835593768
2007-10-31,Glendale,631116.1998584421
2007-10-31,Pasadena,667242.3081081519
2007-10-31,Santa Monica,839306.07546733588
2007-11-30,Burbank,643159.8773547924
2007-11-30,Glendale,625554.4094971012
2007-11-30,Pasadena,661496.7275122165
2007-11-30,Santa Monica,832688.12457225565
2007-12-31,Burbank,636936.8486884733
2007-12-31,Glendale,620188.208777753
2007-12-31,Pasadena,655783.0451772152
2007-12-31,Santa Monica,825270.742794731
2008-01-31,Burbank,632381.1775754028
2008-01-31,Glendale,616523.6863350976
2008-01-31,Pasadena,652609.7153625822
2008-01-31,Santa Monica,819078.70921825152
2008-02-29,Burbank,626849.3675266968
2008-02-29,Glendale,611727.7843904032
2008-02-29,Pasadena,648511.7874629543
2008-02-29,Santa Monica,814019.16453415481
2008-03-31,Burbank,617794.2365292235
2008-03-31,Glendale,603378.4362434495
2008-03-31,Pasadena,641362.4276438495
2008-03-31,Santa Monica,803996.735955982
2008-04-30,Burbank,605092.2958967014
2008-04-30,Glendale,591013.5205478171
2008-04-30,Pasadena,629942.0366714858
2008-04-30,Santa Monica,789160.64067830646
2008-05-31,Burbank,590795.7546342877
2008-05-31,Glendale,576626.5258626295
2008-05-31,Pasadena,617105.852152611
2008-05-31,Santa Monica,772221.60303057858
2008-06-30,Burbank,578010.3272282328
2008-06-30,Glendale,563168.6420935903
2008-06-30,Pasadena,606437.7999143765
2008-06-30,Santa Monica,760283.753321692
2008-07-31,Burbank,566162.4285429659
2008-07-31,Glendale,549915.9315791758
2008-07-31,Pasadena,596074.567878335
2008-07-31,Santa Monica,753248.88693468913
2008-08-31,Burbank,555183.0831946755
2008-08-31,Glendale,538506.7710895113
2008-08-31,Pasadena,587102.5534848482
2008-08-31,Santa Monica,748164.746468516
2008-09-30,Burbank,546051.0061054489
2008-09-30,Glendale,529636.4412416582
2008-09-30,Pasadena,580023.5311890438
2008-09-30,Santa Monica,744983.49978488439
2008-10-31,Burbank,538046.7784338073
2008-10-31,Glendale,522935.1819803572
2008-10-31,Pasadena,574080.0782405486
2008-10-31,Santa Monica,739253.22583264986
2008-11-30,Burbank,530461.6883689485
2008-11-30,Glendale,516132.43360717996
2008-11-30,Pasadena,568042.8109843041
2008-11-30,Santa Monica,733135.20054051129
2008-12-31,Burbank,520922.28829207906
2008-12-31,Glendale,506666.6428349866
2008-12-31,Pasadena,558968.801737524
2008-12-31,Santa Monica,725178.8644530233
2009-01-31,Burbank,513422.1923536519
2009-01-31,Glendale,499096.24503404676
2009-01-31,Pasadena,551785.3012048332
2009-01-31,Santa Monica,729537.86586103158
2009-02-28,Burbank,508665.12943871197
2009-02-28,Glendale,494677.38611636794
2009-02-28,Pasadena,547084.4904526669
2009-02-28,Santa Monica,737761.071433352
2009-03-31,Burbank,506340.40579152666
2009-03-31,Glendale,492899.0026043111
2009-03-31,Pasadena,544991.5295692313
2009-03-31,Santa Monica,746357.7704882957
2009-04-30,Burbank,504050.5911524507
2009-04-30,Glendale,490981.54785004724
2009-04-30,Pasadena,542973.678227425
2009-04-30,Santa Monica,744438.28645276278
2009-05-31,Burbank,501370.6851214636
2009-05-31,Glendale,488999.2003786179
2009-05-31,Pasadena,541507.2586230983
2009-05-31,Santa Monica,738859.02448705642
2009-06-30,Burbank,496894.2011477621
2009-06-30,Glendale,485213.020733891
2009-06-30,Pasadena,536616.0203209845
2009-06-30,Santa Monica,729680.030099738
2009-07-31,Burbank,492345.5950211636
2009-07-31,Glendale,482105.5760189253
2009-07-31,Pasadena,533314.3992556754
2009-07-31,Santa Monica,724064.60246514343
2009-08-31,Burbank,490032.2829612657
2009-08-31,Glendale,480207.84214211075
2009-08-31,Pasadena,531281.8616676582
2009-08-31,Santa Monica,721335.14885181375
2009-09-30,Burbank,490307.115432929
2009-09-30,Glendale,481031.1560638564
2009-09-30,Pasadena,533032.1019565902
2009-09-30,Santa Monica,720880.64097130112
2009-10-31,Burbank,491771.1606422817
2009-10-31,Glendale,482817.14238591446
2009-10-31,Pasadena,534619.1423537439
2009-10-31,Santa Monica,719136.99090123863
2009-11-30,Burbank,494521.4619624705
2009-11-30,Glendale,486025.7304255436
2009-11-30,Pasadena,537590.4964442598
2009-11-30,Santa Monica,717680.09171000554
2009-12-31,Burbank,499979.5829687475
2009-12-31,Glendale,491968.1841330006
2009-12-31,Pasadena,543681.1742793747
2009-12-31,Santa Monica,722048.24919446744
2010-01-31,Burbank,504679.2979070668
2010-01-31,Glendale,496259.32714932744
2010-01-31,Pasadena,548070.5079952022
2010-01-31,Santa Monica,725206.63403722423
2010-02-28,Burbank,507063.8794230533
2010-02-28,Glendale,497349.80934332084
2010-02-28,Pasadena,548893.2769880659
2010-02-28,Santa Monica,726405.02958146448
2010-03-31,Burbank,509724.1738533654
2010-03-31,Glendale,498290.1771895544
2010-03-31,Pasadena,549888.4258457697
2010-03-31,Santa Monica,728707.861418135
2010-04-30,Burbank,513157.6917972415
2010-04-30,Glendale,499985.02251117135
2010-04-30,Pasadena,552365.8307614829
2010-04-30,Santa Monica,733326.56279760657
2010-05-31,Burbank,518591.67123823386
2010-05-31,Glendale,503991.7437894966
2010-05-31,Pasadena,557378.8900720613
2010-05-31,Santa Monica,740721.816213646
2010-06-30,Burbank,519624.0744785495
2010-06-30,Glendale,503931.3403842454
2010-06-30,Pasadena,557642.0350082272
2010-06-30,Santa Monica,738747.60521616729
2010-07-31,Burbank,518617.18259072833
2010-07-31,Glendale,502299.85981760523
2010-07-31,Pasadena,555791.6111438427
2010-07-31,Santa Monica,728889.05978021247
2010-08-31,Burbank,513427.3461049115
2010-08-31,Glendale,497700.2151367171
2010-08-31,Pasadena,549941.7615932244
2010-08-31,Santa Monica,713909.20730677515
2010-09-30,Burbank,507056.185623575
2010-09-30,Glendale,491809.4068182598
2010-09-30,Pasadena,542678.0196107974
2010-09-30,Santa Monica,699316.421078364
2010-10-31,Burbank,500713.94415335567
2010-10-31,Glendale,485570.81872441317
2010-10-31,Pasadena,535665.2644662427
2010-10-31,Santa Monica,688895.65612710966
2010-11-30,Burbank,495651.80730994284
2010-11-30,Glendale,479955.98111757665
2010-11-30,Pasadena,530007.1014882998
2010-11-30,Santa Monica,680427.77719140518
2010-12-31,Burbank,493624.75590525585
2010-12-31,Glendale,477563.24779257766
2010-12-31,Pasadena,528355.7661168916
2010-12-31,Santa Monica,677647.366730541
2011-01-31,Burbank,492294.4529492455
2011-01-31,Glendale,476605.3709285685
2011-01-31,Pasadena,527328.225741288
2011-01-31,Santa Monica,676634.80630482652
2011-02-28,Burbank,491390.3778309462
2011-02-28,Glendale,476533.475975356
2011-02-28,Pasadena,528124.7216649206
2011-02-28,Santa Monica,678770.25775460328
2011-03-31,Burbank,488962.1068599657
2011-03-31,Glendale,475495.23145599215
2011-03-31,Pasadena,527042.660792209
2011-03-31,Santa Monica,680662.20693561388
2011-04-30,Burbank,486503.14281314047
2011-04-30,Glendale,474063.26377655583
2011-04-30,Pasadena,526435.1559780408
2011-04-30,Santa Monica,684459.36778874323
2011-05-31,Burbank,481187.3065006767
2011-05-31,Glendale,469632.28284206457
2011-05-31,Pasadena,521913.96538809984
2011-05-31,Santa Monica,682053.8334027325
2011-06-30,Burbank,478470.73116657045
2011-06-30,Glendale,467542.9579922254
2011-06-30,Pasadena,520289.63885783736
2011-06-30,Santa Monica,681048.12326895108
2011-07-31,Burbank,476315.17245487636
2011-07-31,Glendale,465770.3147485817
2011-07-31,Pasadena,518330.8843719074
2011-07-31,Santa Monica,681885.39054883213
2011-08-31,Burbank,473636.14285477623
2011-08-31,Glendale,462926.8927845944
2011-08-31,Pasadena,515226.01871505304
2011-08-31,Santa Monica,679225.1021771339
2011-09-30,Burbank,468757.04921061866
2011-09-30,Glendale,457773.9437389416
2011-09-30,Pasadena,509717.52631647984
2011-09-30,Santa Monica,673807.73395148339
2011-10-31,Burbank,462695.8639151153
2011-10-31,Glendale,452073.1475969565
2011-10-31,Pasadena,503969.04050269705
2011-10-31,Santa Monica,665295.85282658681
2011-11-30,Burbank,460069.4477946756
2011-11-30,Glendale,450307.664036755
2011-11-30,Pasadena,502396.0567120836
2011-11-30,Santa Monica,665545.175564798
2011-12-31,Burbank,458583.4169463625
2011-12-31,Glendale,450043.54777909146
2011-12-31,Pasadena,502351.0594795444
2011-12-31,Santa Monica,666529.50777670124
2012-01-31,Burbank,457738.0921222787
2012-01-31,Glendale,450125.64553398156
2012-01-31,Pasadena,502768.00832222326
2012-01-31,Santa Monica,665207.67967672588
2012-02-29,Burbank,455180.08699116413
2012-02-29,Glendale,448301.2122442287
2012-02-29,Pasadena,501457.58339678025
2012-02-29,Santa Monica,660696.12715259625
2012-03-31,Burbank,451158.28042481904
2012-03-31,Glendale,444657.9118586956
2012-03-31,Pasadena,498564.95474806154
2012-03-31,Santa Monica,654910.54492487723
2012-04-30,Burbank,447138.76779207407
2012-04-30,Glendale,440638.53767843806
2012-04-30,Pasadena,495300.18229538534
2012-04-30,Santa Monica,651720.93913722923
2012-05-31,Burbank,444956.247325524
2012-05-31,Glendale,438072.47018893255
2012-05-31,Pasadena,494041.7256028622
2012-05-31,Santa Monica,653191.63341343577
2012-06-30,Burbank,445079.1719041046
2012-06-30,Glendale,437405.62058779347
2012-06-30,Pasadena,496088.265073061
2012-06-30,Santa Monica,657348.52488441567
2012-07-31,Burbank,447522.46538849804
2012-07-31,Glendale,439236.0710000885
2012-07-31,Pasadena,499385.96053420467
2012-07-31,Santa Monica,657865.693197149
2012-08-31,Burbank,453540.7705897105
2012-08-31,Glendale,444856.25221893174
2012-08-31,Pasadena,504873.90386611223
2012-08-31,Santa Monica,659546.14070478652
2012-09-30,Burbank,462519.2746188592
2012-09-30,Glendale,452668.5750569648
2012-09-30,Pasadena,510459.70348206884
2012-09-30,Santa Monica,664677.20714445226
2012-10-31,Burbank,473414.4308712623
2012-10-31,Glendale,461907.3816589322
2012-10-31,Pasadena,518251.4233064535
2012-10-31,Santa Monica,681121.86444396782
2012-11-30,Burbank,484350.55935667985
2012-11-30,Glendale,471284.45165248547
2012-11-30,Pasadena,528073.7822917997
2012-11-30,Santa Monica,700039.5508388608
2012-12-31,Burbank,494244.88489462854
2012-12-31,Glendale,480850.21116509003
2012-12-31,Pasadena,539855.7653802964
2012-12-31,Santa Monica,719567.18329429172
2013-01-31,Burbank,500032.27454771125
2013-01-31,Glendale,487039.87881218904
2013-01-31,Pasadena,548267.9844290409
2013-01-31,Santa Monica,732644.76994870289
2013-02-28,Burbank,501634.36743724503
2013-02-28,Glendale,488825.32596935955
2013-02-28,Pasadena,551627.2732783059
2013-02-28,Santa Monica,736673.98767794715
2013-03-31,Burbank,500521.1676893299
2013-03-31,Glendale,487407.52771158353
2013-03-31,Pasadena,550975.3537119435
2013-03-31,Santa Monica,734343.86358330864
2013-04-30,Burbank,500933.7373775714
2013-04-30,Glendale,487004.7458304065
2013-04-30,Pasadena,552348.6130559832
2013-04-30,Santa Monica,733474.3586107525
2013-05-31,Burbank,505271.53566261125
2013-05-31,Glendale,489813.19910854596
2013-05-31,Pasadena,556767.894832831
2013-05-31,Santa Monica,737727.99101035774
2013-06-30,Burbank,512525.49545323453
2013-06-30,Glendale,495424.30601403833
2013-06-30,Pasadena,563925.5213055172
2013-06-30,Santa Monica,745093.10497733939
2013-07-31,Burbank,521605.97996659623
2013-07-31,Glendale,503495.48917903117
2013-07-31,Pasadena,571554.6712713722
2013-07-31,Santa Monica,752622.53076985187
2013-08-31,Burbank,531452.8894845304
2013-08-31,Glendale,513466.3237352708
2013-08-31,Pasadena,580083.9856526579
2013-08-31,Santa Monica,762783.85466191091
2013-09-30,Burbank,542601.6433485604
2013-09-30,Glendale,524796.1339037294
2013-09-30,Pasadena,589681.2737053367
2013-09-30,Santa Monica,777161.329765896
2013-10-31,Burbank,554208.7172927527
2013-10-31,Glendale,536011.1066277428
2013-10-31,Pasadena,600559.1181115219
2013-10-31,Santa Monica,797443.49707826274
2013-11-30,Burbank,563985.585501866
2013-11-30,Glendale,545565.072575489
2013-11-30,Pasadena,609742.3365180754
2013-11-30,Santa Monica,818660.854423053
2013-12-31,Burbank,571348.2654233202
2013-12-31,Glendale,553673.0896877298
2013-12-31,Pasadena,617677.5960323259
2013-12-31,Santa Monica,836272.45501764631
2014-01-31,Burbank,574150.1380299219
2014-01-31,Glendale,557623.7010876994
2014-01-31,Pasadena,621472.808551296
2014-01-31,Santa Monica,846320.10614320578
2014-02-28,Burbank,574248.1103372409
2014-02-28,Glendale,558269.7246407737
2014-02-28,Pasadena,622888.82096822
2014-02-28,Santa Monica,849464.43909431808
2014-03-31,Burbank,573670.3042017391
2014-03-31,Glendale,556768.6096351175
2014-03-31,Pasadena,622220.5923442411
2014-03-31,Santa Monica,848299.25381607318
2014-04-30,Burbank,575390.877797172
2014-04-30,Glendale,557177.5974167866
2014-04-30,Pasadena,623756.4588244696
2014-04-30,Santa Monica,847851.8354757434
2014-05-31,Burbank,578092.8727671778
2014-05-31,Glendale,558971.9517992547
2014-05-31,Pasadena,626844.7975693339
2014-05-31,Santa Monica,849450.69714039622
2014-06-30,Burbank,580347.6120960326
2014-06-30,Glendale,561323.7772950873
2014-06-30,Pasadena,630913.2395827413
2014-06-30,Santa Monica,852893.65182583791
2014-07-31,Burbank,582482.2142726104
2014-07-31,Glendale,563791.6210463402
2014-07-31,Pasadena,634175.7229094718
2014-07-31,Santa Monica,855636.811447599
2014-08-31,Burbank,587151.734276059
2014-08-31,Glendale,568431.5560904411
2014-08-31,Pasadena,638317.4785935547
2014-08-31,Santa Monica,856591.44235434511
2014-09-30,Burbank,595174.2903882196
2014-09-30,Glendale,576133.267963306
2014-09-30,Pasadena,644873.2326913468
2014-09-30,Santa Monica,862257.91837162187
2014-10-31,Burbank,604886.8961887439
2014-10-31,Glendale,585410.1160039253
2014-10-31,Pasadena,653895.2039771486
2014-10-31,Santa Monica,874171.30227718316
2014-11-30,Burbank,613719.3960415052
2014-11-30,Glendale,594646.1210722179
2014-11-30,Pasadena,664090.4151319725
2014-11-30,Santa Monica,892935.84662393155
2014-12-31,Burbank,620815.8950113097
2014-12-31,Glendale,602524.0676869035
2014-12-31,Pasadena,673265.7078778081
2014-12-31,Santa Monica,910791.57257450279
2015-01-31,Burbank,624808.4926337538
2015-01-31,Glendale,607059.2907245717
2015-01-31,Pasadena,678550.6209540736
2015-01-31,Santa Monica,921092.1119231215
2015-02-28,Burbank,626671.7895313799
2015-02-28,Glendale,608379.8692486538
2015-02-28,Pasadena,680384.046007058
2015-02-28,Santa Monica,923811.90517268481
2015-03-31,Burbank,627005.41181925
2015-03-31,Glendale,607482.9341619465
2015-03-31,Pasadena,678710.6459396526
2015-03-31,Santa Monica,921464.98199370038
2015-04-30,Burbank,627211.85426227
2015-04-30,Glendale,607041.0411605978
2015-04-30,Pasadena,677413.2219636667
2015-04-30,Santa Monica,920088.072320492
2015-05-31,Burbank,628553.3992157392
2015-05-31,Glendale,607897.34181262
2015-05-31,Pasadena,677035.2464174303
2015-05-31,Santa Monica,922222.70328138443
2015-06-30,Burbank,630451.91726683
2015-06-30,Glendale,609284.9322336548
2015-06-30,Pasadena,678151.2057266146
2015-06-30,Santa Monica,925534.87790966721
2015-07-31,Burbank,630238.993494033
2015-07-31,Glendale,608648.6572449302
2015-07-31,Pasadena,675576.8164011898
2015-07-31,Santa Monica,920489.71859495889
2015-08-31,Burbank,626678.4624887276
2015-08-31,Glendale,604716.0616182334
2015-08-31,Pasadena,669530.9152335124
2015-08-31,Santa Monica,909696.14227295073
2015-09-30,Burbank,620291.5385299531
2015-09-30,Glendale,598138.6497402039
2015-09-30,Pasadena,660239.7342533773
2015-09-30,Santa Monica,896416.32436032186
2015-10-31,Burbank,614946.796582532
2015-10-31,Glendale,592111.5160801042
2015-10-31,Pasadena,653149.7343936352
2015-10-31,Santa Monica,890570.59783273924
2015-11-30,Burbank,609478.7676091003
2015-11-30,Glendale,586207.6851529321
2015-11-30,Pasadena,646793.5015252536
2015-11-30,Santa Monica,886908.59424156847
2015-12-31,Burbank,604034.9315931839
2015-12-31,Glendale,581355.8131504519
2015-12-31,Pasadena,642243.340560467
2015-12-31,Santa Monica,883544.80986815982
2016-01-31,Burbank,606894.3673889214
2016-01-31,Glendale,584826.6734122654
2016-01-31,Pasadena,646048.4266516903
2016-01-31,Santa Monica,886402.912667842
2016-02-29,Burbank,619540.71792169
2016-02-29,Glendale,597734.0798827695
2016-02-29,Pasadena,659383.9938316438
2016-02-29,Santa Monica,902365.69184810948
2016-03-31,Burbank,638039.0509051764
2016-03-31,Glendale,615957.3128588238
2016-03-31,Pasadena,677256.2036843667
2016-03-31,Santa Monica,926074.21592950041
2016-04-30,Burbank,651864.3729247063
2016-04-30,Glendale,630897.1578458529
2016-04-30,Pasadena,690737.5689726401
2016-04-30,Santa Monica,947381.88379068079
2016-05-31,Burbank,659462.6272350455
2016-05-31,Glendale,640594.798110197
2016-05-31,Pasadena,697889.5330840591
2016-05-31,Santa Monica,964231.78923249536
2016-06-30,Burbank,664848.4991016699
2016-06-30,Glendale,648177.320261252
2016-06-30,Pasadena,702238.5545191522
2016-06-30,Santa Monica,980266.74266272131
2016-07-31,Burbank,662398.6671670106
2016-07-31,Glendale,646461.2994575045
2016-07-31,Pasadena,697558.7946404661
2016-07-31,Santa Monica,977290.21444893768
2016-08-31,Burbank,655264.1618404663
2016-08-31,Glendale,639050.1196846651
2016-08-31,Pasadena,688287.7990180549
2016-08-31,Santa Monica,962838.4912413737
2016-09-30,Burbank,645579.2518609185
2016-09-30,Glendale,628438.8404442838
2016-09-30,Pasadena,677133.9306871436
2016-09-30,Santa Monica,940955.69272344967
2016-10-31,Burbank,642211.4227769111
2016-10-31,Glendale,623591.0346129439
2016-10-31,Pasadena,673296.9159950999
2016-10-31,Santa Monica,931241.47943893715
2016-11-30,Burbank,643781.8771800678
2016-11-30,Glendale,623574.0375864649
2016-11-30,Pasadena,674199.3307496478
2016-11-30,Santa Monica,931609.2857740008
2016-12-31,Burbank,649004.1593979303
2016-12-31,Glendale,626913.9074605369
2016-12-31,Pasadena,677942.8578327553
2016-12-31,Santa Monica,936044.66992545745
2017-01-31,Burbank,660872.3445054743
2017-01-31,Glendale,638367.607635592
2017-01-31,Pasadena,689707.5287901042
2017-01-31,Santa Monica,952303.61625349708
2017-02-28,Burbank,677139.6793269062
2017-02-28,Glendale,655489.0329305426
2017-02-28,Pasadena,707833.8712686338
2017-02-28,Santa Monica,976328.44145775435
2017-03-31,Burbank,694423.946696133
2017-03-31,Glendale,674283.0278764162
2017-03-31,Pasadena,727689.7074066874
2017-03-31,Santa Monica,1005883.581268354
2017-04-30,Burbank,707009.0013053836
2017-04-30,Glendale,688161.3115085979
2017-04-30,Pasadena,742159.1547017045
2017-04-30,Santa Monica,1030174.4505659384
2017-05-31,Burbank,716118.5321283893
2017-05-31,Glendale,697956.4458276295
2017-05-31,Pasadena,750353.0473690229
2017-05-31,Santa Monica,1046909.0336003118
2017-06-30,Burbank,724418.9252254395
2017-06-30,Glendale,707165.7574221672
2017-06-30,Pasadena,757053.8359107152
2017-06-30,Santa Monica,1061006.5475407124
2017-07-31,Burbank,724853.2438786783
2017-07-31,Glendale,707772.1061417442
2017-07-31,Pasadena,755799.5009566005
2017-07-31,Santa Monica,1055202.9696936707
2017-08-31,Burbank,721120.3567753704
2017-08-31,Glendale,703686.9225546258
2017-08-31,Pasadena,752536.8865833427
2017-08-31,Santa Monica,1044185.6438565482
2017-09-30,Burbank,714539.5402013063
2017-09-30,Glendale,696766.2879978592
2017-09-30,Pasadena,748086.7406228404
2017-09-30,Santa Monica,1029236.8248452932
2017-10-31,Burbank,714973.7017844388
2017-10-31,Glendale,696839.5003216873
2017-10-31,Pasadena,750348.8235513092
2017-10-31,Santa Monica,1030281.4160435084
2017-11-30,Burbank,717854.557514641
2017-11-30,Glendale,698999.8511936589
2017-11-30,Pasadena,753567.0517553319
2017-11-30,Santa Monica,1031101.9078398017
2017-12-31,Burbank,722791.6896324238
2017-12-31,Glendale,701910.4443043013
2017-12-31,Pasadena,757199.7511825195
2017-12-31,Santa Monica,1037945.2996571673
2018-01-31,Burbank,733076.5421728363
2018-01-31,Glendale,709681.9271563772
2018-01-31,Pasadena,765705.2941643667
2018-01-31,Santa Monica,1062644.0579275787
2018-02-28,Burbank,748886.9156063205
2018-02-28,Glendale,724196.6820115739
2018-02-28,Pasadena,779530.7636422644
2018-02-28,Santa Monica,1101911.0451721426
2018-03-31,Burbank,767961.1492451845
2018-03-31,Glendale,742374.2911472479
2018-03-31,Pasadena,796658.1483297581
2018-03-31,Santa Monica,1144438.881969013
2018-04-30,Burbank,785232.4013450379
2018-04-30,Glendale,759014.5545219005
2018-04-30,Pasadena,810947.5155491208
2018-04-30,Santa Monica,1174675.2815326077
2018-05-31,Burbank,798945.2793830434
2018-05-31,Glendale,771454.5505146686
2018-05-31,Pasadena,822842.6427895556
2018-05-31,Santa Monica,1195843.704853236
2018-06-30,Burbank,808504.1102988032
2018-06-30,Glendale,779882.6423524023
2018-06-30,Pasadena,830488.0453394125
2018-06-30,Santa Monica,1207782.6735603726
2018-07-31,Burbank,816338.7782746247
2018-07-31,Glendale,787577.1483546891
2018-07-31,Pasadena,836471.4299186104
2018-07-31,Santa Monica,1217133.2322674661
2018-08-31,Burbank,826960.2071379852
2018-08-31,Glendale,799180.053180124
2018-08-31,Pasadena,844333.3929262217
2018-08-31,Santa Monica,1232777.0276791537
2018-09-30,Burbank,840152.1865112245
2018-09-30,Glendale,814269.4832285155
2018-09-30,Pasadena,856055.4103395315
2018-09-30,Santa Monica,1256574.509168718
2018-10-31,Burbank,852888.4252871614
2018-10-31,Glendale,829141.9765667022
2018-10-31,Pasadena,868366.2073124517
2018-10-31,Santa Monica,1285478.5053329724
2018-11-30,Burbank,860814.6644713893
2018-11-30,Glendale,839055.5488246648
2018-11-30,Pasadena,877324.6917055951
2018-11-30,Santa Monica,1307506.3156619559
2018-12-31,Burbank,865100.7058844767
2018-12-31,Glendale,844653.1140132997
2018-12-31,Pasadena,881299.9675235557
2018-12-31,Santa Monica,1318608.6056321452
2019-01-31,Burbank,861871.4089819464
2019-01-31,Glendale,841420.6565279868
2019-01-31,Pasadena,876761.7231980488
2019-01-31,Santa Monica,1310937.1359817991
2019-02-28,Burbank,852450.3959372524
2019-02-28,Glendale,831208.0361746495
2019-02-28,Pasadena,864519.7002638429
2019-02-28,Santa Monica,1287457.9197299511
2019-03-31,Burbank,838355.9725282268
2019-03-31,Glendale,817284.099200293
2019-03-31,Pasadena,849211.9389586108
2019-03-31,Santa Monica,1254682.6556808206
2019-04-30,Burbank,827644.416576656
2019-04-30,Glendale,806930.8235883806
2019-04-30,Pasadena,838106.8498908827
2019-04-30,Santa Monica,1228670.5833624089
2019-05-31,Burbank,821195.4760847582
2019-05-31,Glendale,800727.3572529405
2019-05-31,Pasadena,832054.5507424291
2019-05-31,Santa Monica,1209129.0461372184
2019-06-30,Burbank,818670.2945442209
2019-06-30,Glendale,797641.5852791849
2019-06-30,Pasadena,829406.5172864391
2019-06-30,Santa Monica,1197119.1220151363
2019-07-31,Burbank,820854.1579428939
2019-07-31,Glendale,799091.008388117
2019-07-31,Pasadena,831207.8302594792
2019-07-31,Santa Monica,1194341.9894782195
2019-08-31,Burbank,828696.9173553418
2019-08-31,Glendale,805765.4954706234
2019-08-31,Pasadena,838437.9148133412
2019-08-31,Santa Monica,1205117.6538215408
2019-09-30,Burbank,840015.0295745749
2019-09-30,Glendale,816261.2496042341
2019-09-30,Pasadena,848830.2505913567
2019-09-30,Santa Monica,1222044.4505856263
2019-10-31,Burbank,851070.9117043815
2019-10-31,Glendale,826934.5959896125
2019-10-31,Pasadena,859005.6074726256
2019-10-31,Santa Monica,1237795.536865212
2019-11-30,Burbank,859579.6993009252
2019-11-30,Glendale,835682.4553603497
2019-11-30,Pasadena,865896.8409576657
2019-11-30,Santa Monica,1246644.5803678923
2019-12-31,Burbank,867993.3388376305
2019-12-31,Glendale,843853.7802123033
2019-12-31,Pasadena,871405.1172512318
2019-12-31,Santa Monica,1254446.0285517296
2020-01-31,Burbank,872795.6401331533
2020-01-31,Glendale,848589.2976693697
2020-01-31,Pasadena,873654.6466165545
2020-01-31,Santa Monica,1251917.4307739551
2020-02-29,Burbank,875336.9868345568
2020-02-29,Glendale,851068.7978219084
2020-02-29,Pasadena,874019.2547143731
2020-02-29,Santa Monica,1245327.5197443943
2020-03-31,Burbank,876839.6785684923
2020-03-31,Glendale,851610.2310549425
2020-03-31,Pasadena,873558.8065195769
2020-03-31,Santa Monica,1230326.8687172213
2020-04-30,Burbank,878327.5124701326
2020-04-30,Glendale,851067.4235934732
2020-04-30,Pasadena,872673.6977349301
2020-04-30,Santa Monica,1218287.6816854405
2020-05-31,Burbank,875972.6803047914
2020-05-31,Glendale,847140.5751166688
2020-05-31,Pasadena,868985.5015924163
2020-05-31,Santa Monica,1203532.35034242
2020-06-30,Burbank,869518.5360791014
2020-06-30,Glendale,840679.0615871428
2020-06-30,Pasadena,862608.035883732
2020-06-30,Santa Monica,1190955.7105448423
2020-07-31,Burbank,868880.2800489819
2020-07-31,Glendale,840376.6871719742
2020-07-31,Pasadena,861960.8710160144
2020-07-31,Santa Monica,1187521.4594467664
2020-08-31,Burbank,878549.6285883725
2020-08-31,Glendale,849569.907179355
2020-08-31,Pasadena,871127.7650809352
2020-08-31,Santa Monica,1198222.1327715109
2020-09-30,Burbank,898217.5950163273
2020-09-30,Glendale,867728.3686201711
2020-09-30,Pasadena,888421.8660602247
2020-09-30,Santa Monica,1221160.8530210236
2020-10-31,Burbank,919607.7256179695
2020-10-31,Glendale,887487.756050604
2020-10-31,Pasadena,906892.6740883918
2020-10-31,Santa Monica,1247190.7175565348
2020-11-30,Burbank,942780.4091357609
2020-11-30,Glendale,908824.3315072235
2020-11-30,Pasadena,925664.2887218838
2020-11-30,Santa Monica,1273088.5286088791
2020-12-31,Burbank,963879.5377494859
2020-12-31,Glendale,927318.8135439096
2020-12-31,Pasadena,941912.568411674
2020-12-31,Santa Monica,1294479.879564221
2021-01-31,Burbank,976544.6497699657
2021-01-31,Glendale,938281.8839975622
2021-01-31,Pasadena,950158.892201942
2021-01-31,Santa Monica,1303519.7846133073
2021-02-28,Burbank,982861.2491683842
2021-02-28,Glendale,943084.4858908417
2021-02-28,Pasadena,951968.2154381237
2021-02-28,Santa Monica,1303608.5327072402
2021-03-31,Burbank,985281.4682014715
2021-03-31,Glendale,944680.7278159916
2021-03-31,Pasadena,951001.700571773
2021-03-31,Santa Monica,1292416.7508403861
2021-04-30,Burbank,995240.5138762313
2021-04-30,Glendale,952835.4971923359
2021-04-30,Pasadena,956160.5645955568
2021-04-30,Santa Monica,1287700.2146555688
2021-05-31,Burbank,1010905.678384216
2021-05-31,Glendale,965643.5114602527
2021-05-31,Pasadena,967372.4927699071
2021-05-31,Santa Monica,1288773.4229286234
2021-06-30,Burbank,1029839.0840985337
2021-06-30,Glendale,980902.7083075582
2021-06-30,Pasadena,982853.0226148833
2021-06-30,Santa Monica,1297104.1893972056
2021-07-31,Burbank,1048444.1817370333
2021-07-31,Glendale,996999.7114920864
2021-07-31,Pasadena,1001070.8658311903
2021-07-31,Santa Monica,1312372.0674230542
2021-08-31,Burbank,1060822.8965467392
2021-08-31,Glendale,1009398.7919713113
2021-08-31,Pasadena,1016061.6563165471
2021-08-31,Santa Monica,1330849.8278513092
2021-09-30,Burbank,1069735.4190043812
2021-09-30,Glendale,1020465.5288492297
2021-09-30,Pasadena,1028067.3505081829
2021-09-30,Santa Monica,1348134.5416446868
2021-10-31,Burbank,1076633.267736253
2021-10-31,Glendale,1029843.75916939
2021-10-31,Pasadena,1037889.1306469223
2021-10-31,Santa Monica,1361434.1914109553
2021-11-30,Burbank,1085407.2312274205
2021-11-30,Glendale,1041077.089531315
2021-11-30,Pasadena,1048542.8682856909
2021-11-30,Santa Monica,1374944.5882484622
2021-12-31,Burbank,1096525.0770183473
2021-12-31,Glendale,1054094.757979282
2021-12-31,Pasadena,1060453.2954446776
2021-12-31,Santa Monica,1391208.2259169926
2022-01-31,Burbank,1112789.429078292
2022-01-31,Glendale,1070566.4269463958
2022-01-31,Pasadena,1071405.478219919
2022-01-31,Santa Monica,1403418.3427005915
2022-02-28,Burbank,1134088.5016716837
2022-02-28,Glendale,1090294.966101415
2022-02-28,Pasadena,1083598.9934889588
2022-02-28,Santa Monica,1412837.3195644785
2022-03-31,Burbank,1158380.0323786484
2022-03-31,Glendale,1112950.7615057074
2022-03-31,Pasadena,1098688.3123398777
2022-03-31,Santa Monica,1418903.5638274665
2022-04-30,Burbank,1178544.6411830988
2022-04-30,Glendale,1132980.431369675
2022-04-30,Pasadena,1114568.594132177
2022-04-30,Santa Monica,1425080.0684276354
2022-05-31,Burbank,1194278.543000176
2022-05-31,Glendale,1149618.7854821067
2022-05-31,Pasadena,1129984.7415676322
2022-05-31,Santa Monica,1426221.0733901747
2022-06-30,Burbank,1201972.0569613595
2022-06-30,Glendale,1158203.9844107528
2022-06-30,Pasadena,1140290.2692763747
2022-06-30,Santa Monica,1426643.1321933663
2022-07-31,Burbank,1204997.6052669652
2022-07-31,Glendale,1161281.2711326205
2022-07-31,Pasadena,1147764.6434286057
2022-07-31,Santa Monica,1425434.2637299888
2022-08-31,Burbank,1200008.5427324965
2022-08-31,Glendale,1155761.6362132486
2022-08-31,Pasadena,1146495.6840022488
2022-08-31,Santa Monica,1417092.0031256962
2022-09-30,Burbank,1189785.2655829173
2022-09-30,Glendale,1146687.362176786
2022-09-30,Pasadena,1140022.519179433
2022-09-30,Santa Monica,1410110.9650017156
2022-10-31,Burbank,1178020.7827663107
2022-10-31,Glendale,1137191.753627477
2022-10-31,Pasadena,1131907.1140698483
2022-10-31,Santa Monica,1404260.6656548185
2022-11-30,Burbank,1169822.5238563025
2022-11-30,Glendale,1131996.9671868214
2022-11-30,Pasadena,1128144.7230005998
2022-11-30,Santa Monica,1402422.8828241539
2022-12-31,Burbank,1166024.664193454
2022-12-31,Glendale,1130873.0881042022
2022-12-31,Pasadena,1127762.4806821148
2022-12-31,Santa Monica,1400684.8829132468
2023-01-31,Burbank,1153268.636841895
2023-01-31,Glendale,1122234.904530193
2023-01-31,Pasadena,1119592.499798735
2023-01-31,Santa Monica,1387440.8632972378
2023-02-28,Burbank,1133925.8764583443
2023-02-28,Glendale,1107572.3031331368
2023-02-28,Pasadena,1105811.9912104437
2023-02-28,Santa Monica,1362697.2291508932
2023-03-31,Burbank,1112913.0228625145
2023-03-31,Glendale,1090419.6354957067
2023-03-31,Pasadena,1090049.199458495
2023-03-31,Santa Monica,1330949.0244346091
2023-04-30,Burbank,1103410.4834531746
2023-04-30,Glendale,1082684.4846056974
2023-04-30,Pasadena,1083020.7849968164
2023-04-30,Santa Monica,1311859.0739358512
2023-05-31,Burbank,1104196.510728311
2023-05-31,Glendale,1084243.5264582082
2023-05-31,Pasadena,1083190.3442935245
2023-05-31,Santa Monica,1305072.9645895481
2023-06-30,Burbank,1113835.3695112427
2023-06-30,Glendale,1095362.962462085
2023-06-30,Pasadena,1092210.109942806
2023-06-30,Santa Monica,1309543.4887239716
2023-07-31,Burbank,1130082.5758417775
2023-07-31,Glendale,1113722.7631653335
2023-07-31,Pasadena,1107909.713057915
2023-07-31,Santa Monica,1323007.6602793771
2023-08-31,Burbank,1151927.992423362
2023-08-31,Glendale,1136496.4282193773
2023-08-31,Pasadena,1128433.21018756
2023-08-31,Santa Monica,1342013.5535403716
2023-09-30,Burbank,1174529.7733245497
2023-09-30,Glendale,1156474.6538690757
2023-09-30,Pasadena,1147537.3669175005
2023-09-30,Santa Monica,1366536.1341346039
2023-10-31,Burbank,1194323.6964974804
2023-10-31,Glendale,1173470.7890580678
2023-10-31,Pasadena,1163458.1392749592
2023-10-31,Santa Monica,1385814.7092513687
2023-11-30,Burbank,1207991.7163779929
2023-11-30,Glendale,1185966.6340276308
2023-11-30,Pasadena,1176101.2595394931
2023-11-30,Santa Monica,1397227.7463044669
2023-12-31,Burbank,1214487.910748474
2023-12-31,Glendale,1194533.518368628
2023-12-31,Pasadena,1183041.33375536
2023-12-31,Santa Monica,1396016.2233639755
2024-01-31,Burbank,1210781.0875863591
2024-01-31,Glendale,1191826.2915402672
2024-01-31,Pasadena,1180676.7550302127
2024-01-31,Santa Monica,1382200.51726402
2024-02-29,Burbank,1201410.2032056444
2024-02-29,Glendale,1182754.2065999934
2024-02-29,Pasadena,1172793.5193851662
2024-02-29,Santa Monica,1361093.5135972921
2024-03-31,Burbank,1194075.2167082278
2024-03-31,Glendale,1175884.590235854
2024-03-31,Pasadena,1169113.050724741
2024-03-31,Santa Monica,1347884.4848316119
2024-04-30,Burbank,1193157.0925074879
2024-04-30,Glendale,1176448.4158486936
2024-04-30,Pasadena,1173261.074095306
2024-04-30,Santa Monica,1346499.9960959598
2024-05-31,Burbank,1196649.4610752019
2024-05-31,Glendale,1182011.6966305247
2024-05-31,Pasadena,1181404.491050673
2024-05-31,Santa Monica,1348684.454495528
2024-06-30,Burbank,1198997.2299845174
2024-06-30,Glendale,1184816.320825129
2024-06-30,Pasadena,1186916.7507447943
2024-06-30,Santa Monica,1344922.5860588702
2024-07-31,Burbank,1205750.0925553157
2024-07-31,Glendale,1189935.8094198045
2024-07-31,Pasadena,1194108.142454838
2024-07-31,Santa Monica,1348973.842859488
2024-08-31,Burbank,1215483.5458750266
2024-08-31,Glendale,1196999.8415835188
2024-08-31,Pasadena,1203014.57702017
2024-08-31,Santa Monica,1356244.2003035087
2024-09-30,Burbank,1227040.1919716878
2024-09-30,Glendale,1206159.2583055256
2024-09-30,Pasadena,1213961.1370413832
2024-09-30,Santa Monica,1370440.0884387095
2024-10-31,Burbank,1235782.9260680147
2024-10-31,Glendale,1213903.5067095526
2024-10-31,Pasadena,1221850.4481403793
2024-10-31,Santa Monica,1378352.3043864605
2024-11-30,Burbank,1242483.0120485437
2024-11-30,Glendale,1220227.7239194037
2024-11-30,Pasadena,1227094.061506156
2024-11-30,Santa Monica,1383825.2879053112
2024-12-31,Burbank,1248524.114630181
2024-12-31,Glendale,1226097.5088521023
2024-12-31,Pasadena,1231100.3596436984
2024-12-31,Santa Monica,1383309.6591463618
2025-01-31,Burbank,1246923.3806553443
2025-01-31,Glendale,1225243.2213511975
2025-01-31,Pasadena,1230472.540851729
2025-01-31,Santa Monica,1378339.1148658025
2025-02-28,Burbank,1240429.3865385586
2025-02-28,Glendale,1218999.7921156636
2025-02-28,Pasadena,1227600.1635584056
2025-02-28,Santa Monica,1370935.2771522144
2025-03-31,Burbank,1230014.9300972868
2025-03-31,Glendale,1208905.0266895795
2025-03-31,Pasadena,1221030.7332842369
2025-03-31,Santa Monica,1362027.4936640095
2025-04-30,Burbank,1221736.594653779
2025-04-30,Glendale,1201401.692918808
2025-04-30,Pasadena,1217376.1163765576
2025-04-30,Santa Monica,1353052.138466998
2025-05-31,Burbank,1213506.0575572448
2025-05-31,Glendale,1195200.3245594567
2025-05-31,Pasadena,1213196.2997405713
2025-05-31,Santa Monica,1341627.1804169354
2025-06-30,Burbank,1204094.2715157976
2025-06-30,Glendale,1189018.9932209437
2025-06-30,Pasadena,1208379.6483508898
2025-06-30,Santa Monica,1327458.2405027307
2025-07-31,Burbank,1197838.2113768603
2025-07-31,Glendale,1185736.776471507
2025-07-31,Pasadena,1204314.071536505
2025-07-31,Santa Monica,1316044.348499893
2025-08-31,Burbank,1194260.1618172356
2025-08-31,Glendale,1184568.3871309876
2025-08-31,Pasadena,1201624.9630303436
2025-08-31,Santa Monica,1305708.025448397
2025-09-30,Burbank,1196416.7456233485
2025-09-30,Glendale,1187759.3290212306
2025-09-30,Pasadena,1202903.2411076475
2025-09-30,Santa Monica,1302515.0611271537
2025-10-31,Burbank,1200135.7378588372
2025-10-31,Glendale,1192279.5640627502
2025-10-31,Pasadena,1205451.5948973678
2025-10-31,Santa Monica,1306248.2840228251
2025-11-30,Burbank,1205772.6780226661
2025-11-30,Glendale,1198735.737928058
2025-11-30,Pasadena,1208605.5420017552
2025-11-30,Santa Monica,1314272.3865361514
2025-12-31,Burbank,1210932.7249694893
2025-12-31,Glendale,1205006.6253893888
2025-12-31,Pasadena,1212135.5089071477
2025-12-31,Santa Monica,1321998.6051270117
2026-01-31,Burbank,1211068.33665038
2026-01-31,Glendale,1207177.5914788689
2026-01-31,Pasadena,1213445.7551067015
2026-01-31,Santa Monica,1324858.6789718987
2026-02-28,Burbank,1207124.3152298208
2026-02-28,Glendale,1205316.347406645
2026-02-28,Pasadena,1212771.703473322
2026-02-28,Santa Monica,1324532.8564546879
2026-03-31,Burbank,1200884.6549550758
2026-03-31,Glendale,1201879.70283276
2026-03-31,Pasadena,1209228.3837349415
2026-03-31,Santa Monica,1321062.1776879439
