date,XLRE
2015-10-08,21.044124603271484
2015-10-09,21.009292602539062
2015-10-12,21.14164161682129
2015-10-13,21.009292602539062
2015-10-14,21.009292602539062
2015-10-15,20.946609497070312
2015-10-16,21.345054626464844
2015-10-19,21.594432830810547
2015-10-20,21.615333557128906
2015-10-21,21.632749557495117
2015-10-22,21.906505584716797
2015-10-23,21.64319610595703
2015-10-26,21.67106056213379
2015-10-27,21.676637649536133
2015-10-28,21.597917556762695
2015-10-29,21.696136474609375
2015-10-30,21.55960464477539
2015-11-02,21.55960464477539
2015-11-03,21.838241577148438
2015-11-04,21.74768829345703
2015-11-05,21.664091110229492
2015-11-06,20.863014221191406
2015-11-09,20.695829391479492
2015-11-10,20.918743133544922
2015-11-11,20.991180419921875
2015-11-12,20.863014221191406
2015-11-13,20.591339111328125
2015-11-16,20.57044219970703
2015-11-17,20.890880584716797
2015-11-18,21.13816261291504
2015-11-19,21.253108978271484
2015-11-20,21.4272518157959
2015-11-23,21.538705825805664
2015-11-24,21.21131134033203
2015-11-25,21.21131134033203
2015-11-27,21.371524810791016
2015-11-30,21.4202823638916
2015-12-01,21.774860382080078
2015-12-02,21.329727172851562
2015-12-03,20.904802322387695
2015-12-04,21.329727172851562
2015-12-07,21.329727172851562
2015-12-08,21.39938735961914
2015-12-09,21.280969619750977
2015-12-10,21.10681915283203
2015-12-11,20.99397087097168
2015-12-14,21.058759689331055
2015-12-15,21.30187225341797
2015-12-16,21.684995651245117
2015-12-17,21.657129287719727
2015-12-18,21.375408172607422
2015-12-21,21.410625457763672
2015-12-22,21.60782814025879
2015-12-23,21.819120407104492
2015-12-24,21.840248107910156
2015-12-28,21.781789779663086
2015-12-29,22.143098831176758
2015-12-30,22.143098831176758
2015-12-31,21.962797164916992
2016-01-04,21.4528865814209
2016-01-05,22.102951049804688
2016-01-06,21.889545440673828
2016-01-07,21.488100051879883
2016-01-08,21.206378936767578
2016-01-11,21.33315658569336
2016-01-12,21.100732803344727
2016-01-13,20.88240623474121
2016-01-14,20.952831268310547
2016-01-15,20.600685119628906
2016-01-19,20.741540908813477
2016-01-20,20.185148239135742
2016-01-21,20.340087890625
2016-01-22,20.762670516967773
2016-01-25,20.762670516967773
2016-01-26,20.94719696044922
2016-01-27,20.762670516967773
2016-01-28,20.53729820251465
2016-01-29,20.558425903320312
2016-02-01,20.99509048461914
2016-02-02,20.727453231811523
2016-02-03,20.748580932617188
2016-02-04,20.873245239257812
2016-02-05,20.49363136291504
2016-02-08,19.40760612487793
2016-02-09,19.255474090576172
2016-02-10,19.66396713256836
2016-02-11,19.170963287353516
2016-02-12,19.361122131347656
2016-02-16,19.361122131347656
2016-02-17,19.96682357788086
2016-02-18,20.213327407836914
2016-02-19,20.185148239135742
2016-02-22,20.495040893554688
2016-02-23,20.38939666748047
2016-02-24,20.40629768371582
2016-02-25,20.53729820251465
2016-02-26,20.685197830200195
2016-02-29,20.657032012939453
2016-03-01,21.15003776550293
2016-03-02,21.382455825805664
2016-03-03,21.412038803100586
2016-03-04,21.4740047454834
2016-03-07,21.45992660522461
2016-03-08,21.427526473999023
2016-03-09,21.362028121948242
2016-03-10,21.261316299438477
2016-03-11,21.755725860595703
2016-03-14,21.826160430908203
2016-03-15,21.970539093017578
2016-03-16,21.805028915405273
2016-03-17,22.534687042236328
2016-03-18,22.37611961364746
2016-03-21,22.262357711791992
2016-03-22,22.223249435424805
2016-03-23,22.14148712158203
2016-03-24,22.177034378051758
2016-03-28,22.319244384765625
2016-03-29,22.80274200439453
2016-03-30,22.752965927124023
2016-03-31,22.866737365722656
2016-04-01,22.91436767578125
2016-04-04,22.880952835083008
2016-04-05,22.67617416381836
2016-04-06,22.73874855041504
2016-04-07,22.553882598876953
2016-04-08,22.76719093322754
2016-04-11,22.752965927124023
2016-04-12,22.852510452270508
2016-04-13,22.765058517456055
2016-04-14,22.674755096435547
2016-04-15,22.8311824798584
2016-04-18,22.916505813598633
2016-04-19,22.838294982910156
2016-04-20,22.61076545715332
2016-04-21,22.087444305419922
2016-04-22,22.3690128326416
2016-04-25,22.526151657104492
2016-04-26,22.589427947998047
2016-04-27,22.504114151000977
2016-04-28,22.52685546875
2016-04-29,22.3121337890625
2016-05-02,22.54677391052246
2016-05-03,22.660537719726562
2016-05-04,22.987613677978516
2016-05-05,23.008941650390625
2016-05-06,23.129817962646484
2016-05-09,23.36302947998047
2016-05-10,23.449777603149414
2016-05-11,23.02316665649414
2016-05-12,23.10137176513672
2016-05-13,22.76790428161621
2016-05-16,23.078622817993164
2016-05-17,22.696090698242188
2016-05-18,22.136507034301758
2016-05-19,22.09170913696289
2016-05-20,22.242448806762695
2016-05-23,22.3121337890625
2016-05-24,22.461444854736328
2016-05-25,22.613609313964844
2016-05-26,22.59654426574707
2016-05-27,22.6854248046875
2016-05-31,22.696090698242188
2016-06-01,22.61076545715332
2016-06-02,22.681869506835938
2016-06-03,22.784252166748047
2016-06-06,22.795631408691406
2016-06-07,22.814115524291992
2016-06-08,22.923612594604492
2016-06-09,22.971973419189453
2016-06-10,22.85962677001953
2016-06-13,22.852510452270508
2016-06-14,22.745861053466797
2016-06-15,22.980499267578125
2016-06-16,23.09853172302246
2016-06-17,23.06268310546875
2016-06-20,23.084192276000977
2016-06-21,23.270586013793945
2016-06-22,23.249080657958984
2016-06-23,23.349443435668945
2016-06-24,23.05552101135254
2016-06-27,23.019670486450195
2016-06-28,23.442636489868164
2016-06-29,23.887123107910156
2016-06-30,24.080690383911133
2016-07-01,24.066343307495117
2016-07-05,24.241985321044922
2016-07-06,24.209720611572266
2016-07-07,23.90862464904785
2016-07-08,24.322999954223633
2016-07-11,24.51081657409668
2016-07-12,24.561004638671875
2016-07-13,24.675708770751953
2016-07-14,24.538785934448242
2016-07-15,24.502939224243164
2016-07-18,24.51081657409668
2016-07-19,24.58108139038086
2016-07-20,24.546672821044922
2016-07-21,24.618362426757812
2016-07-22,24.804752349853516
2016-07-25,24.76890754699707
2016-07-26,24.629108428955078
2016-07-27,24.446300506591797
2016-07-28,24.596858978271484
2016-07-29,24.86067008972168
2016-08-01,24.940959930419922
2016-08-02,24.561004638671875
2016-08-03,24.374610900878906
2016-08-04,24.331600189208984
2016-08-05,24.331600189208984
2016-08-08,24.324430465698242
2016-08-09,24.489315032958984
2016-08-10,24.439132690429688
2016-08-11,24.209720611572266
2016-08-12,24.288585662841797
2016-08-15,24.25990867614746
2016-08-16,23.96597671508789
2016-08-17,24.066343307495117
2016-08-18,24.01616668701172
2016-08-19,23.82977294921875
2016-08-22,23.944473266601562
2016-08-23,23.930130004882812
2016-08-24,23.865615844726562
2016-08-25,23.96597671508789
2016-08-26,23.729394912719727
2016-08-29,23.96597671508789
2016-08-30,23.894287109375
2016-08-31,23.930130004882812
2016-09-01,23.9229679107666
2016-09-02,24.080690383911133
2016-09-06,24.281414031982422
2016-09-07,24.402488708496094
2016-09-08,24.092594146728516
2016-09-09,23.177326202392578
2016-09-12,23.27100944519043
2016-09-13,22.860219955444336
2016-09-14,22.903465270996094
2016-09-15,23.07642364501953
2016-09-16,22.997154235839844
2016-09-19,23.23497200012207
2016-09-20,23.191736221313477
2016-09-21,23.458389282226562
2016-09-22,23.919633865356445
2016-09-23,24.013317108154297
2016-09-26,24.063762664794922
2016-09-27,23.85476303100586
2016-09-28,24.020523071289062
2016-09-29,23.725040435791016
2016-09-30,23.616947174072266
2016-10-03,23.16291046142578
2016-10-04,22.809776306152344
2016-10-05,22.384567260742188
2016-10-06,22.42780876159668
2016-10-07,22.37015151977539
2016-10-10,22.456632614135742
2016-10-11,22.283668518066406
2016-10-12,22.60076904296875
2016-10-13,22.672840118408203
2016-10-14,22.644018173217773
2016-10-17,22.665637969970703
2016-10-18,22.780941009521484
2016-10-19,22.867427825927734
2016-10-20,22.788148880004883
2016-10-21,22.77373504638672
2016-10-24,22.802562713623047
2016-10-25,22.77373504638672
2016-10-26,22.47825813293457
2016-10-27,21.9449462890625
2016-10-28,22.00260353088379
2016-10-31,22.305294036865234
2016-11-01,21.865673065185547
2016-11-02,21.52694320678711
2016-11-03,21.43326187133789
2016-11-04,21.577392578125
2016-11-07,21.973770141601562
2016-11-08,22.110702514648438
2016-11-09,21.61343002319336
2016-11-10,21.289119720458984
2016-11-11,21.31073570251465
2016-11-14,21.728736877441406
2016-11-15,21.5846004486084
2016-11-16,21.570192337036133
2016-11-17,21.368392944335938
2016-11-18,21.411638259887695
2016-11-21,21.35398292541504
2016-11-22,21.721534729003906
2016-11-23,21.570192337036133
2016-11-25,21.663875579833984
2016-11-28,21.74315643310547
2016-11-29,21.89449691772461
2016-11-30,21.627840042114258
2016-12-01,21.29632568359375
2016-12-02,21.498117446899414
2016-12-05,21.67108726501465
2016-12-06,21.764774322509766
2016-12-07,22.21881103515625
2016-12-08,22.334117889404297
2016-12-09,22.319700241088867
2016-12-12,22.550323486328125
2016-12-13,22.60797882080078
2016-12-14,22.211606979370117
2016-12-15,22.03141975402832
2016-12-16,22.340404510498047
2016-12-19,22.5385684967041
2016-12-20,22.553241729736328
2016-12-21,22.267019271850586
2016-12-22,22.237661361694336
2016-12-23,22.25967788696289
2016-12-27,22.31838607788086
2016-12-28,22.149585723876953
2016-12-29,22.35508918762207
2016-12-30,22.567922592163086
2017-01-03,22.64131736755371
2017-01-04,22.92754364013672
2017-01-05,23.044967651367188
2017-01-06,23.044967651367188
2017-01-09,22.89818572998047
2017-01-10,22.611957550048828
2017-01-11,22.48719024658203
2017-01-12,22.57526206970215
2017-01-13,22.523887634277344
2017-01-17,22.707365036010742
2017-01-18,22.75874137878418
2017-01-19,22.5385684967041
2017-01-20,22.678009033203125
2017-01-23,22.817455291748047
2017-01-24,22.82478904724121
2017-01-25,22.685338973999023
2017-01-26,22.670669555664062
2017-01-27,22.4798526763916
2017-01-30,22.35508918762207
2017-01-31,22.5385684967041
2017-02-01,22.289031982421875
2017-02-02,22.553241729736328
2017-02-03,22.700023651123047
2017-02-06,22.56058692932129
2017-02-07,22.51654624938965
2017-02-08,22.707365036010742
2017-02-09,22.80277442932129
2017-02-10,22.95690155029297
2017-02-13,23.06697654724121
2017-02-14,22.949556350708008
2017-02-15,22.88350486755371
2017-02-16,22.97891616821289
2017-02-17,23.044967651367188
2017-02-21,23.36055564880371
2017-02-22,23.272478103637695
2017-02-23,23.426605224609375
2017-02-24,23.544031143188477
2017-02-27,23.66145133972168
2017-02-28,23.588064193725586
2017-03-01,23.529354095458984
2017-03-02,23.455951690673828
2017-03-03,23.382568359375
2017-03-06,23.287160873413086
2017-03-07,23.2064266204834
2017-03-08,22.861486434936523
2017-03-09,22.567922592163086
2017-03-10,22.54590606689453
2017-03-13,22.57526206970215
2017-03-14,22.54590606689453
2017-03-15,22.97891616821289
2017-03-16,22.92754364013672
2017-03-17,22.970375061035156
2017-03-20,22.992534637451172
2017-03-21,22.95560646057129
2017-03-22,23.007308959960938
2017-03-23,23.177186965942383
2017-03-24,23.155027389526367
2017-03-27,22.970375061035156
2017-03-28,23.103321075439453
2017-03-29,23.184566497802734
2017-03-30,23.236278533935547
2017-03-31,23.339679718017578
2017-04-03,23.369216918945312
2017-04-04,23.302745819091797
2017-04-05,23.339679718017578
2017-04-06,23.472623825073242
2017-04-07,23.50216293334961
2017-04-10,23.664661407470703
2017-04-11,23.775447845458984
2017-04-12,23.73851776123047
2017-04-13,23.68681526184082
2017-04-17,23.96009635925293
2017-04-18,24.019187927246094
2017-04-19,23.967483520507812
2017-04-20,23.96009635925293
2017-04-21,23.878856658935547
2017-04-24,23.642505645751953
2017-04-25,23.6942081451416
2017-04-26,23.494775772094727
2017-04-27,23.509552001953125
2017-04-28,23.376604080200195
2017-05-01,23.52432632446289
2017-05-02,23.53171730041504
2017-05-03,23.24365997314453
2017-05-04,23.26581382751465
2017-05-05,23.450469970703125
2017-05-08,23.324905395507812
2017-05-09,23.236278533935547
2017-05-10,23.361835479736328
2017-05-11,23.251047134399414
2017-05-12,23.162418365478516
2017-05-15,23.26581382751465
2017-05-16,23.147640228271484
2017-05-17,23.295360565185547
2017-05-18,23.339679718017578
2017-05-19,23.472623825073242
2017-05-22,23.53171730041504
2017-05-23,23.561254501342773
2017-05-24,23.6942081451416
2017-05-25,23.78282928466797
2017-05-26,23.635116577148438
2017-05-30,23.568639755249023
2017-05-31,23.53171730041504
2017-06-01,23.60556983947754
2017-06-02,23.81238555908203
2017-06-05,23.7532901763916
2017-06-06,23.642505645751953
2017-06-07,23.768062591552734
2017-06-08,23.657276153564453
2017-06-09,23.768062591552734
2017-06-12,23.92317008972168
2017-06-13,23.982254028320312
2017-06-14,24.056114196777344
2017-06-15,24.174293518066406
2017-06-16,24.160884857177734
2017-06-19,24.175783157348633
2017-06-20,24.1310977935791
2017-06-21,24.078962326049805
2017-06-22,24.09385108947754
2017-06-23,24.1981258392334
2017-06-26,24.309846878051758
2017-06-27,24.213022232055664
2017-06-28,24.242809295654297
2017-06-29,23.997034072875977
2017-06-30,23.982133865356445
2017-07-03,24.2055721282959
2017-07-05,23.915109634399414
2017-07-06,23.483129501342773
2017-07-07,23.617191314697266
2017-07-10,23.430997848510742
2017-07-11,23.39375114440918
2017-07-12,23.699113845825195
2017-07-13,23.743806838989258
2017-07-14,23.982133865356445
2017-07-17,24.034273147583008
2017-07-18,24.004480361938477
2017-07-19,24.1832275390625
2017-07-20,24.11620330810547
2017-07-21,24.160884857177734
2017-07-24,24.14598846435547
2017-07-25,24.14598846435547
2017-07-26,24.34708023071289
2017-07-27,24.324735641479492
2017-07-28,24.309846878051758
2017-07-31,24.272611618041992
2017-08-01,24.376874923706055
2017-08-02,24.257705688476562
2017-08-03,24.1981258392334
2017-08-04,24.272611618041992
2017-08-07,24.257705688476562
2017-08-08,24.14598846435547
2017-08-09,24.175783157348633
2017-08-10,23.95979118347168
2017-08-11,23.803386688232422
2017-08-14,24.1981258392334
2017-08-15,24.153432846069336
2017-08-16,24.22791290283203
2017-08-17,24.05661392211914
2017-08-18,23.87786865234375
2017-08-21,24.123647689819336
2017-08-22,24.108755111694336
2017-08-23,24.354528427124023
2017-08-24,24.309846878051758
2017-08-25,24.429006576538086
2017-08-28,24.302396774291992
2017-08-29,24.287500381469727
2017-08-30,24.399219512939453
2017-08-31,24.518383026123047
2017-09-01,24.518383026123047
2017-09-05,24.49603843688965
2017-09-06,24.533279418945312
2017-09-07,24.719480514526367
2017-09-08,24.726924896240234
2017-09-11,24.905670166015625
2017-09-12,24.637556076049805
2017-09-13,24.533279418945312
2017-09-14,24.704578399658203
2017-09-15,24.79159164428711
2017-09-18,24.649070739746094
2017-09-19,24.401533126831055
2017-09-20,24.334016799926758
2017-09-21,24.29651641845703
2017-09-22,24.08648109436035
2017-09-25,24.176488876342773
2017-09-26,24.19899559020996
2017-09-27,23.996461868286133
2017-09-28,24.168989181518555
2017-09-29,24.184001922607422
2017-10-02,24.093975067138672
2017-10-03,24.08648109436035
2017-10-04,24.29651641845703
2017-10-05,24.37152671813965
2017-10-06,24.30401611328125
2017-10-09,24.356521606445312
2017-10-10,24.39402961730957
2017-10-11,24.529052734375
2017-10-12,24.701576232910156
2017-10-13,24.769092559814453
2017-10-16,24.649070739746094
2017-10-17,24.649070739746094
2017-10-18,24.60405921936035
2017-10-19,24.58905792236328
2017-10-20,24.551559448242188
2017-10-23,24.46154022216797
2017-10-24,24.30401611328125
2017-10-25,24.24400520324707
2017-10-26,24.108980178833008
2017-10-27,24.146484375
2017-10-30,24.29651641845703
2017-10-31,24.379032135009766
2017-11-01,24.356521606445312
2017-11-02,24.566558837890625
2017-11-03,24.566558837890625
2017-11-06,24.941619873046875
2017-11-07,25.174156188964844
2017-11-08,25.361684799194336
2017-11-09,25.361684799194336
2017-11-10,25.361684799194336
2017-11-13,25.436704635620117
2017-11-14,25.414199829101562
2017-11-15,25.226667404174805
2017-11-16,25.32417869567871
2017-11-17,25.174156188964844
2017-11-20,25.114151000976562
2017-11-21,25.24916648864746
2017-11-22,25.166654586791992
2017-11-24,25.256671905517578
2017-11-27,25.181659698486328
2017-11-28,25.12165069580078
2017-11-29,25.06163787841797
2017-11-30,25.091650009155273
2017-12-01,25.136653900146484
2017-12-04,24.806596755981445
2017-12-05,24.709083557128906
2017-12-06,24.746583938598633
2017-12-07,24.844097137451172
2017-12-08,24.90412139892578
2017-12-11,24.96411895751953
2017-12-12,25.076637268066406
2017-12-13,25.069137573242188
2017-12-14,25.091650009155273
2017-12-15,25.171279907226562
2017-12-18,25.25469970703125
2017-12-19,24.776905059814453
2017-12-20,24.511470794677734
2017-12-21,24.42804527282715
2017-12-22,24.587305068969727
2017-12-26,24.716236114501953
2017-12-27,24.81482696533203
2017-12-28,24.958932876586914
2017-12-29,24.981678009033203
2018-01-02,24.837581634521484
2018-01-03,24.84516716003418
2018-01-04,24.420461654663086
2018-01-05,24.47355079650879
2018-01-08,24.640398025512695
2018-01-09,24.359785079956055
2018-01-10,23.980588912963867
2018-01-11,23.82891273498535
2018-01-12,23.654481887817383
2018-01-16,23.76824378967285
2018-01-17,23.904748916625977
2018-01-18,23.677227020263672
2018-01-19,23.844078063964844
2018-01-22,24.07159996032715
2018-01-23,24.443208694458008
2018-01-24,24.374958038330078
2018-01-25,24.321868896484375
2018-01-26,24.39012908935547
2018-01-29,24.109519958496094
2018-01-30,24.01092529296875
2018-01-31,24.503881454467773
2018-02-01,24.056427001953125
2018-02-02,23.78340721130371
2018-02-05,23.16910171508789
2018-02-06,23.123598098754883
2018-02-07,23.017425537109375
2018-02-08,22.29694366455078
2018-02-09,22.820236206054688
2018-02-12,22.880908966064453
2018-02-13,23.047758102416992
2018-02-14,22.90366554260254
2018-02-15,23.116016387939453
2018-02-16,23.267696380615234
2018-02-20,23.032588958740234
2018-02-21,22.607885360717773
2018-02-22,22.865741729736328
2018-02-23,23.282859802246094
2018-02-26,23.366287231445312
2018-02-27,22.865741729736328
2018-02-28,22.83540153503418
2018-03-01,22.721643447875977
2018-03-02,22.64580726623535
2018-03-05,22.96433448791504
2018-03-06,23.055341720581055
2018-03-07,23.153932571411133
2018-03-08,23.335948944091797
2018-03-09,23.487628936767578
2018-03-12,23.601394653320312
2018-03-13,23.677227020263672
2018-03-14,23.722736358642578
2018-03-15,23.722736358642578
2018-03-16,23.847078323364258
2018-03-19,23.610597610473633
2018-03-20,23.602962493896484
2018-03-21,23.389362335205078
2018-03-22,23.305448532104492
2018-03-23,22.93927574157715
2018-03-26,23.252046585083008
2018-03-27,23.29018783569336
2018-03-28,23.717391967773438
2018-03-29,23.709766387939453
2018-04-02,23.419876098632812
2018-04-03,23.503793716430664
2018-04-04,23.77842140197754
2018-04-05,23.801307678222656
2018-04-06,23.557193756103516
2018-04-09,23.549560546875
2018-04-10,23.389362335205078
2018-04-11,23.45039176940918
2018-04-12,23.175758361816406
2018-04-13,23.297821044921875
2018-04-16,23.40462303161621
2018-04-17,23.717391967773438
2018-04-18,23.656368255615234
2018-04-19,23.25967788696289
2018-04-20,23.053701400756836
2018-04-23,23.099475860595703
2018-04-24,23.12236213684082
2018-04-25,23.046072006225586
2018-04-26,23.34359359741211
2018-04-27,23.656368255615234
2018-04-30,23.5648193359375
2018-05-01,23.732648849487305
2018-05-02,23.6258487701416
2018-05-03,23.618221282958984
2018-05-04,23.885229110717773
2018-05-07,23.93099594116211
2018-05-08,23.763166427612305
2018-05-09,23.94624900817871
2018-05-10,24.16748809814453
2018-05-11,24.053054809570312
2018-05-14,23.885229110717773
2018-05-15,23.480907440185547
2018-05-16,23.419876098632812
2018-05-17,23.297821044921875
2018-05-18,23.313074111938477
2018-05-21,23.549560546875
2018-05-22,23.580080032348633
2018-05-23,23.770793914794922
2018-05-24,23.679256439208984
2018-05-25,23.793682098388672
2018-05-29,23.854711532592773
2018-05-30,24.16748809814453
2018-05-31,24.091197967529297
2018-06-01,24.19036865234375
2018-06-04,24.42685317993164
2018-06-05,24.304800033569336
2018-06-06,24.373458862304688
2018-06-07,24.373458862304688
2018-06-08,24.45737075805664
2018-06-11,24.449743270874023
2018-06-12,24.587055206298828
2018-06-13,24.037803649902344
2018-06-14,24.266658782958984
2018-06-15,24.227418899536133
2018-06-18,24.20433807373047
2018-06-19,24.235111236572266
2018-06-20,24.496694564819336
2018-06-21,24.64287757873535
2018-06-22,24.858299255371094
2018-06-25,24.7967472076416
2018-06-26,24.92754554748535
2018-06-27,24.858299255371094
2018-06-28,25.104503631591797
2018-06-29,25.166046142578125
2018-07-02,25.019865036010742
2018-07-03,25.166046142578125
2018-07-05,25.496877670288086
2018-07-06,25.60457992553711
2018-07-09,25.36608123779297
2018-07-10,25.48918342590332
2018-07-11,25.41224479675293
2018-07-12,25.47379493713379
2018-07-13,25.389163970947266
2018-07-16,25.250675201416016
2018-07-17,25.081417083740234
2018-07-18,24.989086151123047
2018-07-19,25.227598190307617
2018-07-20,25.00448226928711
2018-07-23,24.935237884521484
2018-07-24,24.865991592407227
2018-07-25,25.112194061279297
2018-07-26,25.196819305419922
2018-07-27,24.96601104736328
2018-07-30,24.942930221557617
2018-07-31,25.427629470825195
2018-08-01,25.596887588500977
2018-08-02,25.47379493713379
2018-08-03,25.804630279541016
2018-08-06,25.75076675415039
2018-08-07,25.696916580200195
2018-08-08,25.53534507751465
2018-08-09,25.581506729125977
2018-08-10,25.33530616760254
2018-08-13,25.327611923217773
2018-08-14,25.427629470825195
2018-08-15,25.65074920654297
2018-08-16,25.850788116455078
2018-08-17,26.09698486328125
2018-08-20,26.127756118774414
2018-08-21,25.889253616333008
2018-08-22,25.727684020996094
2018-08-23,25.666135787963867
2018-08-24,25.84309196472168
2018-08-27,25.804630279541016
2018-08-28,26.12006378173828
2018-08-29,26.081594467163086
2018-08-30,25.943105697631836
2018-08-31,26.043127059936523
2018-09-04,25.81231117248535
2018-09-05,25.973876953125
2018-09-06,26.058515548706055
2018-09-07,25.727684020996094
2018-09-10,25.86617088317871
2018-09-11,25.873868942260742
2018-09-12,25.89694595336914
2018-09-13,26.058515548706055
2018-09-14,25.83540153503418
2018-09-17,25.981578826904297
2018-09-18,25.827707290649414
2018-09-19,25.581506729125977
2018-09-20,25.773849487304688
2018-09-21,25.77385139465332
2018-09-24,25.26848030090332
2018-09-25,25.245153427124023
2018-09-26,24.96525764465332
2018-09-27,25.043004989624023
2018-09-28,25.354005813598633
2018-10-01,25.159631729125977
2018-10-02,25.081880569458008
2018-10-03,24.794204711914062
2018-10-04,24.677583694458008
2018-10-05,24.685359954833984
2018-10-08,25.004131317138672
2018-10-09,25.089658737182617
2018-10-10,24.693138122558594
2018-10-11,23.970064163208008
2018-10-12,23.95451545715332
2018-10-15,24.10224723815918
2018-10-16,24.553186416625977
2018-10-17,24.483213424682617
2018-10-18,24.490989685058594
2018-10-19,24.739782333374023
2018-10-22,24.389911651611328
2018-10-23,24.545408248901367
2018-10-24,24.833086013793945
2018-10-25,25.128528594970703
2018-10-26,24.475435256958008
2018-10-29,24.879730224609375
2018-10-30,25.291805267333984
2018-10-31,24.9497013092041
2018-11-01,25.043004989624023
2018-11-02,24.833086013793945
2018-11-05,25.245153427124023
2018-11-06,25.38510513305664
2018-11-07,25.664997100830078
2018-11-08,25.719419479370117
2018-11-09,25.75052261352539
2018-11-12,25.80495262145996
2018-11-13,25.859371185302734
2018-11-14,25.851600646972656
2018-11-15,25.649450302124023
2018-11-16,26.01486587524414
2018-11-19,26.0848445892334
2018-11-20,25.742748260498047
2018-11-21,25.727197647094727
2018-11-23,25.633901596069336
2018-11-26,25.688325881958008
2018-11-27,25.828277587890625
2018-11-28,26.038198471069336
2018-11-29,26.069293975830078
2018-11-30,26.318092346191406
2018-12-03,26.44249153137207
2018-12-04,26.092620849609375
2018-12-06,26.80791473388672
2018-12-07,26.40361213684082
2018-12-10,26.30254364013672
2018-12-11,26.34918975830078
2018-12-12,25.851600646972656
2018-12-13,26.030424118041992
2018-12-14,25.983766555786133
2018-12-17,25.011903762817383
2018-12-18,25.260704040527344
2018-12-19,25.027454376220703
2018-12-20,24.724233627319336
2018-12-21,24.34587287902832
2018-12-24,23.449125289916992
2018-12-26,24.1964111328125
2018-12-27,24.25147247314453
2018-12-28,24.338003158569336
2018-12-31,24.38520622253418
2019-01-02,23.826704025268555
2019-01-03,23.936830520629883
2019-01-04,24.180683135986328
2019-01-07,24.38520622253418
2019-01-08,24.80997657775879
2019-01-09,24.70770835876465
2019-01-10,25.10102081298828
2019-01-11,25.148221969604492
2019-01-14,25.069564819335938
2019-01-15,25.352746963500977
2019-01-16,25.47073745727539
2019-01-17,25.596595764160156
2019-01-18,25.690994262695312
2019-01-22,25.64379119873047
2019-01-23,25.659523010253906
2019-01-24,25.76178550720215
2019-01-25,26.060705184936523
2019-01-28,26.320280075073242
2019-01-29,26.52480697631836
2019-01-30,26.745058059692383
2019-01-31,27.0046443939209
2019-02-01,26.839448928833008
2019-02-04,26.99677848815918
2019-02-05,27.17770004272461
2019-02-06,26.965307235717773
2019-02-07,27.19343376159668
2019-02-08,27.19343376159668
2019-02-11,27.2720890045166
2019-02-12,27.083297729492188
2019-02-13,27.264232635498047
2019-02-14,27.366493225097656
2019-02-15,27.53167724609375
2019-02-19,27.563140869140625
2019-02-20,27.390092849731445
2019-02-21,27.437280654907227
2019-02-22,27.5946044921875
2019-02-25,27.366493225097656
2019-02-26,27.31142234802246
2019-02-27,27.224897384643555
2019-02-28,27.303560256958008
2019-03-01,27.2720890045166
2019-03-04,27.38222312927246
2019-03-05,27.460886001586914
2019-03-06,27.390092849731445
2019-03-07,27.366493225097656
2019-03-08,27.390092849731445
2019-03-11,27.81485939025879
2019-03-12,27.96432113647461
2019-03-13,28.09804344177246
2019-03-14,28.168846130371094
2019-03-15,28.053335189819336
2019-03-18,27.910934448242188
2019-03-19,27.831825256347656
2019-03-20,27.958398818969727
2019-03-21,28.456815719604492
2019-03-22,28.32231903076172
2019-03-25,28.346057891845703
2019-03-26,28.52009391784668
2019-03-27,28.42516326904297
2019-03-28,28.662508010864258
2019-03-29,28.65459632873535
2019-04-01,28.567569732666016
2019-04-02,28.812816619873047
2019-04-03,28.781171798706055
2019-04-04,28.694150924682617
2019-04-05,28.91566276550293
2019-04-08,28.773250579833984
2019-04-09,28.686243057250977
2019-04-10,28.91566276550293
2019-04-11,28.876110076904297
2019-04-12,29.034330368041992
2019-04-15,28.860286712646484
2019-04-16,28.179916381835938
2019-04-17,27.8872013092041
2019-04-18,28.10871696472168
2019-04-22,27.800186157226562
2019-04-23,28.11662483215332
2019-04-24,28.31440544128418
2019-04-25,28.282756805419922
2019-04-26,28.472637176513672
2019-04-29,28.179916381835938
2019-04-30,28.504276275634766
2019-05-01,28.504276275634766
2019-05-02,28.559659957885742
2019-05-03,28.75743865966797
2019-05-06,28.63876724243164
2019-05-07,28.148277282714844
2019-05-08,28.148277282714844
2019-05-09,28.243209838867188
2019-05-10,28.567569732666016
2019-05-13,28.567569732666016
2019-05-14,28.6704158782959
2019-05-15,28.860286712646484
2019-05-16,29.026426315307617
2019-05-17,28.98686408996582
2019-05-20,28.52009391784668
2019-05-21,28.75743865966797
2019-05-22,28.89193344116211
2019-05-23,29.034330368041992
2019-05-24,29.073884963989258
2019-05-28,28.773250579833984
2019-05-29,28.440998077392578
2019-05-30,28.61502456665039
2019-05-31,28.85238265991211
2019-06-03,28.963134765625
2019-06-04,28.804906845092773
2019-06-05,29.461538314819336
2019-06-06,29.516929626464844
2019-06-07,29.611854553222656
2019-06-10,29.509002685546875
2019-06-11,29.56438636779785
2019-06-12,29.675142288208008
2019-06-13,29.71470069885254
2019-06-14,29.841283798217773
2019-06-17,30.1656436920166
2019-06-18,30.0786190032959
2019-06-19,30.276397705078125
2019-06-20,30.45836639404297
2019-06-21,30.117860794067383
2019-06-24,29.966367721557617
2019-06-25,29.5596866607666
2019-06-26,28.98556137084961
2019-06-27,29.224782943725586
2019-06-28,29.320466995239258
2019-07-01,29.2646541595459
2019-07-02,29.806880950927734
2019-07-03,30.237476348876953
2019-07-05,30.07002830505371
2019-07-08,30.181665420532227
2019-07-09,30.341148376464844
2019-07-10,30.508586883544922
2019-07-11,30.117860794067383
2019-07-12,29.998254776000977
2019-07-15,30.03812599182129
2019-07-16,29.990285873413086
2019-07-17,29.838777542114258
2019-07-18,29.830801010131836
2019-07-19,29.344377517700195
2019-07-22,29.31249237060547
2019-07-23,29.599559783935547
2019-07-24,29.57563591003418
2019-07-25,29.448049545288086
2019-07-26,29.543733596801758
2019-07-29,29.65538215637207
2019-07-30,29.950416564941406
2019-07-31,29.830801010131836
2019-08-01,29.902572631835938
2019-08-02,30.13381576538086
2019-08-05,29.5596866607666
2019-08-06,29.92648696899414
2019-08-07,30.205585479736328
2019-08-08,30.684019088745117
2019-08-09,30.676050186157227
2019-08-12,30.652130126953125
2019-08-13,30.668075561523438
2019-08-14,30.18962860107422
2019-08-15,30.612255096435547
2019-08-16,30.82755470275879
2019-08-19,31.106645584106445
2019-08-20,30.875404357910156
2019-08-21,31.002975463867188
2019-08-22,31.154495239257812
2019-08-23,30.763761520385742
2019-08-26,31.050832748413086
2019-08-27,30.947174072265625
2019-08-28,31.034879684448242
2019-08-29,31.258159637451172
2019-08-30,31.26612663269043
2019-09-03,31.712671279907227
2019-09-04,31.975814819335938
2019-09-05,31.696731567382812
2019-09-06,31.736595153808594
2019-09-09,31.497373580932617
2019-09-10,31.034879684448242
2019-09-11,30.963111877441406
2019-09-12,31.146509170532227
2019-09-13,30.77173614501953
2019-09-16,31.090696334838867
2019-09-17,31.529273986816406
2019-09-18,31.433582305908203
2019-09-19,31.537246704101562
2019-09-20,31.403196334838867
2019-09-23,31.51556968688965
2019-09-24,31.475431442260742
2019-09-25,31.443317413330078
2019-09-26,31.748367309570312
2019-09-27,31.53965950012207
2019-09-30,31.57978630065918
2019-10-01,31.306854248046875
2019-10-02,31.11419677734375
2019-10-03,31.48345375061035
2019-10-04,31.627946853637695
2019-10-07,31.57176399230957
2019-10-08,31.419239044189453
2019-10-09,31.51556968688965
2019-10-10,31.595844268798828
2019-10-11,31.491477966308594
2019-10-14,31.53965950012207
2019-10-15,31.56373405456543
2019-10-16,31.523591995239258
2019-10-17,31.73231315612793
2019-10-18,32.037353515625
2019-10-21,32.25408172607422
2019-10-22,32.15776443481445
2019-10-23,32.213958740234375
2019-10-24,32.09353256225586
2019-10-25,31.700206756591797
2019-10-28,31.363054275512695
2019-10-29,31.443317413330078
2019-10-30,31.67612075805664
2019-10-31,31.57176399230957
2019-11-01,31.491477966308594
2019-11-04,31.138280868530273
2019-11-05,30.600446701049805
2019-11-06,30.712820053100586
2019-11-07,30.383712768554688
2019-11-08,30.327510833740234
2019-11-11,30.383712768554688
2019-11-12,30.183021545410156
2019-11-13,30.488067626953125
2019-11-14,30.793107986450195
2019-11-15,30.94562339782715
2019-11-18,31.11419677734375
2019-11-19,31.178415298461914
2019-11-20,31.194469451904297
2019-11-21,30.777048110961914
2019-11-22,30.600446701049805
2019-11-25,30.62453269958496
2019-11-26,31.049972534179688
2019-11-27,31.146305084228516
2019-11-29,31.025897979736328
2019-12-02,30.455957412719727
2019-12-03,30.704805374145508
2019-12-04,30.865354537963867
2019-12-05,30.913509368896484
2019-12-06,30.921537399291992
2019-12-09,30.961688995361328
2019-12-10,30.74493408203125
2019-12-11,30.512149810791016
2019-12-12,30.14289093017578
2019-12-13,30.17499542236328
2019-12-16,30.407791137695312
2019-12-17,30.07866668701172
2019-12-18,30.50412368774414
2019-12-19,30.793107986450195
2019-12-20,31.030868530273438
2019-12-23,30.8442325592041
2019-12-24,30.884801864624023
2019-12-26,31.07143783569336
2019-12-27,31.185043334960938
2019-12-30,31.160707473754883
2019-12-31,31.379796981811523
2020-01-02,31.014636993408203
2020-01-03,31.241851806640625
2020-01-06,31.24995994567871
2020-01-07,30.90914535522461
2020-01-08,31.063331604003906
2020-01-09,31.055206298828125
2020-01-10,31.355457305908203
2020-01-13,31.736858367919922
2020-01-14,31.582670211791992
2020-01-15,31.80177116394043
2020-01-16,32.08578872680664
2020-01-17,32.12636184692383
2020-01-21,32.45094680786133
2020-01-22,32.19127655029297
2020-01-23,32.49964904785156
2020-01-24,32.45094680786133
2020-01-27,32.313011169433594
2020-01-28,32.3941535949707
2020-01-29,32.22374725341797
2020-01-30,32.29676818847656
2020-01-31,31.83422088623047
2020-02-03,31.866683959960938
2020-02-04,32.280540466308594
2020-02-05,32.256202697753906
2020-02-06,32.3941535949707
2020-02-07,32.41037368774414
2020-02-10,32.78365707397461
2020-02-11,33.1812744140625
2020-02-12,33.392269134521484
2020-02-13,33.59514236450195
2020-02-14,33.984642028808594
2020-02-18,33.952178955078125
2020-02-19,33.47340774536133
2020-02-20,33.8466911315918
2020-02-21,34.025211334228516
2020-02-24,33.57078170776367
2020-02-25,32.726844787597656
2020-02-26,32.44282913208008
2020-02-27,30.60890007019043
2020-02-28,29.854228973388672
2020-03-02,31.339229583740234
2020-03-03,31.314882278442383
2020-03-04,32.5321044921875
2020-03-05,31.78553581237793
2020-03-06,31.241851806640625
2020-03-09,29.03464126586914
2020-03-10,30.446603775024414
2020-03-11,28.815536499023438
2020-03-12,26.34052848815918
2020-03-13,28.653247833251953
2020-03-16,24.068395614624023
2020-03-17,25.5290584564209
2020-03-18,23.73569679260254
2020-03-19,23.362415313720703
2020-03-20,22.039701461791992
2020-03-23,20.81500816345215
2020-03-24,22.629987716674805
2020-03-25,23.635578155517578
2020-03-26,25.45054817199707
2020-03-27,25.515960693359375
2020-03-30,26.17818260192871
2020-03-31,25.344270706176758
2020-04-01,23.80726432800293
2020-04-02,24.158809661865234
2020-04-03,23.954421997070312
2020-04-06,25.68764305114746
2020-04-07,25.695823669433594
2020-04-08,27.625255584716797
2020-04-09,29.047801971435547
2020-04-13,27.715187072753906
2020-04-14,28.63902473449707
2020-04-15,27.53532600402832
2020-04-16,27.3554630279541
2020-04-17,28.23842430114746
2020-04-20,27.19194984436035
2020-04-21,26.791349411010742
2020-04-22,27.257354736328125
2020-04-23,26.946683883666992
2020-04-24,27.044788360595703
2020-04-27,27.829647064208984
2020-04-28,27.854167938232422
2020-04-29,27.927753448486328
2020-04-30,27.731534957885742
2020-05-01,26.881284713745117
2020-05-04,26.864925384521484
2020-05-05,27.036619186401367
2020-05-06,26.53790283203125
2020-05-07,26.774991989135742
2020-05-08,27.265527725219727
2020-05-11,26.938508987426758
2020-05-12,25.793928146362305
2020-05-13,25.385149002075195
2020-05-14,25.417848587036133
2020-05-15,25.32792091369629
2020-05-18,26.562435150146484
2020-05-19,26.04737091064453
2020-05-20,26.292638778686523
2020-05-21,26.161827087402344
2020-05-22,26.734119415283203
2020-05-26,27.584379196166992
2020-05-27,28.173025131225586
2020-05-28,28.491865158081055
2020-05-29,28.32835578918457
2020-06-01,28.892471313476562
2020-06-02,29.08049964904785
2020-06-03,29.77543067932129
2020-06-04,29.21949577331543
2020-06-05,30.29048728942871
2020-06-08,30.95270538330078
2020-06-09,30.592988967895508
2020-06-10,30.020700454711914
2020-06-11,28.164844512939453
2020-06-12,29.05598258972168
2020-06-15,29.42388916015625
2020-06-16,29.914417266845703
2020-06-17,29.5628719329834
2020-06-18,29.194961547851562
2020-06-19,28.9006404876709
2020-06-22,28.818262100219727
2020-06-23,28.711153030395508
2020-06-24,27.97793197631836
2020-06-25,28.274520874023438
2020-06-26,27.7884521484375
2020-06-29,28.266281127929688
2020-06-30,28.678213119506836
2020-07-01,29.460865020751953
2020-07-02,29.36199951171875
2020-07-06,29.39495277404785
2020-07-07,28.917118072509766
2020-07-08,28.90064239501953
2020-07-09,28.801776885986328
2020-07-10,28.83473777770996
2020-07-13,28.38162612915039
2020-07-14,28.66172981262207
2020-07-15,28.79354476928711
2020-07-16,28.45577621459961
2020-07-17,28.85121726989746
2020-07-20,28.5793399810791
2020-07-21,28.58758544921875
2020-07-22,28.933605194091797
2020-07-23,28.78530502319336
2020-07-24,28.66996955871582
2020-07-27,29.00775146484375
2020-07-28,29.59267807006836
2020-07-29,30.15289306640625
2020-07-30,29.905738830566406
2020-07-31,29.872793197631836
2020-08-03,29.39495277404785
2020-08-04,29.831602096557617
2020-08-05,29.60915756225586
2020-08-06,29.666818618774414
2020-08-07,30.07051658630371
2020-08-10,30.021081924438477
2020-08-11,29.444387435913086
2020-08-12,29.815120697021484
2020-08-13,29.46909523010254
2020-08-14,29.543249130249023
2020-08-17,29.806886672973633
2020-08-18,29.773923873901367
2020-08-19,29.164283752441406
2020-08-20,29.477344512939453
2020-08-21,29.576200485229492
2020-08-24,29.617395401000977
2020-08-25,29.70801544189453
2020-08-26,29.50206184387207
2020-08-27,29.897510528564453
2020-08-28,30.128183364868164
2020-08-31,29.864543914794922
2020-09-01,29.815120697021484
2020-09-02,30.48242950439453
2020-09-03,29.97165298461914
2020-09-04,29.864543914794922
2020-09-08,29.48558235168457
2020-09-09,29.806886672973633
2020-09-10,29.3867244720459
2020-09-11,29.28784942626953
2020-09-14,30.004610061645508
2020-09-15,30.400054931640625
2020-09-16,30.5977725982666
2020-09-17,29.922218322753906
2020-09-18,29.32904624938965
2020-09-21,28.544164657592773
2020-09-22,28.883974075317383
2020-09-23,28.05516815185547
2020-09-24,28.187776565551758
2020-09-25,28.734792709350586
2020-09-28,29.23207664489746
2020-09-29,29.082889556884766
2020-09-30,29.23207664489746
2020-10-01,29.712787628173828
2020-10-02,30.193496704101562
2020-10-05,30.359254837036133
2020-10-06,30.10232162475586
2020-10-07,30.185211181640625
2020-10-08,30.690778732299805
2020-10-09,30.607898712158203
2020-10-12,30.76537322998047
2020-10-13,30.243227005004883
2020-10-14,29.895126342773438
2020-10-15,30.036029815673828
2020-10-16,29.92828369140625
2020-10-19,29.455854415893555
2020-10-20,29.65477752685547
2020-10-21,29.547025680541992
2020-10-22,29.339828491210938
2020-10-23,29.53045082092285
2020-10-26,29.174062728881836
2020-10-27,28.80109405517578
2020-10-28,28.162912368774414
2020-10-29,28.48613929748535
2020-10-30,28.303810119628906
2020-11-02,29.000001907348633
2020-11-03,29.455854415893555
2020-11-04,29.53873634338379
2020-11-05,29.6464786529541
2020-11-06,29.53045082092285
2020-11-09,30.309528350830078
2020-11-10,30.475296020507812
2020-11-11,30.70735740661621
2020-11-12,30.392410278320312
2020-11-13,31.0886173248291
2020-11-16,31.287519454956055
2020-11-17,31.30409812927246
2020-11-18,30.773656845092773
2020-11-19,30.82339096069336
2020-11-20,30.616188049316406
2020-11-23,30.51673126220703
2020-11-24,30.500158309936523
2020-11-25,30.57474708557129
2020-11-27,30.51673126220703
2020-11-30,30.251514434814453
2020-12-01,30.632770538330078
2020-12-02,30.309528350830078
2020-12-03,30.533306121826172
2020-12-04,30.93941879272461
2020-12-07,30.632770538330078
2020-12-08,30.491867065429688
2020-12-09,30.210071563720703
2020-12-10,30.044301986694336
2020-12-11,30.06089210510254
2020-12-14,29.84539031982422
2020-12-15,30.3675479888916
2020-12-16,30.37583351135254
2020-12-17,30.732227325439453
2020-12-18,30.2017822265625
2020-12-21,29.92977523803711
2020-12-22,30.13965606689453
2020-12-23,29.854217529296875
2020-12-24,30.148046493530273
2020-12-28,30.391523361206055
2020-12-29,30.15644645690918
2020-12-30,30.324352264404297
2020-12-31,30.693761825561523
2021-01-04,29.703096389770508
2021-01-05,29.66950798034668
2021-01-06,29.526779174804688
2021-01-07,29.619138717651367
2021-01-08,29.93816375732422
2021-01-11,29.434438705444336
2021-01-12,29.45962142944336
2021-01-13,29.86260986328125
2021-01-14,30.04730987548828
2021-01-15,30.509052276611328
2021-01-19,30.30756378173828
2021-01-20,30.937225341796875
2021-01-21,30.836483001708984
2021-01-22,30.912036895751953
2021-01-25,31.189083099365234
2021-01-26,31.508121490478516
2021-01-27,31.105133056640625
2021-01-28,31.189083099365234
2021-01-29,30.86166763305664
2021-02-01,31.558486938476562
2021-02-02,31.69281005859375
2021-02-03,31.566877365112305
2021-02-04,31.743192672729492
2021-02-05,31.85231590270996
2021-02-08,31.919492721557617
2021-02-09,32.062217712402344
2021-02-10,32.28050231933594
2021-02-11,32.22173309326172
2021-02-12,32.21333312988281
2021-02-16,31.86911964416504
2021-02-17,31.89430809020996
2021-02-18,31.877511978149414
2021-02-19,31.97825813293457
2021-02-22,32.1629524230957
2021-02-23,32.28050231933594
2021-02-24,32.43161392211914
2021-02-25,31.902706146240234
2021-02-26,31.34859848022461
2021-03-01,31.382184982299805
2021-03-02,31.189083099365234
2021-03-03,30.802892684936523
2021-03-04,30.57622528076172
2021-03-05,30.9288330078125
2021-03-08,31.07994270324707
2021-03-09,31.43255615234375
2021-03-10,31.743192672729492
2021-03-11,32.21333312988281
2021-03-12,32.76742935180664
2021-03-15,33.1368293762207
2021-03-16,33.1368293762207
2021-03-17,33.086456298828125
2021-03-18,32.87657928466797
2021-03-19,32.440006256103516
2021-03-22,32.79783248901367
2021-03-23,32.89958953857422
2021-03-24,32.755435943603516
2021-03-25,33.03525161743164
2021-03-26,33.84078598022461
2021-03-29,33.764461517333984
2021-03-30,33.620323181152344
2021-03-31,33.48464584350586
2021-04-01,34.01884841918945
2021-04-05,34.19691467285156
2021-04-06,34.28171157836914
2021-04-07,34.3240966796875
2021-04-08,34.154510498046875
2021-04-09,34.20539855957031
2021-04-12,34.408905029296875
2021-04-13,34.612396240234375
2021-04-14,34.40040969848633
2021-04-15,35.05331802368164
2021-04-16,35.10420608520508
2021-04-19,35.21443176269531
2021-04-20,35.6044807434082
2021-04-21,35.76557922363281
2021-04-22,35.61295700073242
2021-04-23,35.81645965576172
2021-04-26,35.89277648925781
2021-04-27,35.89277648925781
2021-04-28,35.76557922363281
2021-04-29,36.028438568115234
2021-04-30,36.26585388183594
2021-05-03,36.070831298828125
2021-05-04,35.85036849975586
2021-05-05,35.32466125488281
2021-05-06,35.49424743652344
2021-05-07,35.92668151855469
2021-05-10,36.087799072265625
2021-05-11,35.66383361816406
2021-05-12,34.79894256591797
2021-05-13,35.23986053466797
2021-05-14,35.57056427001953
2021-05-17,35.58751678466797
2021-05-18,35.655357360839844
2021-05-19,35.519683837890625
2021-05-20,35.96060562133789
2021-05-21,35.9012565612793
2021-05-24,36.29129409790039
2021-05-25,36.39305114746094
2021-05-26,36.47784423828125
2021-05-27,36.435447692871094
2021-05-28,36.681339263916016
2021-06-01,37.30881118774414
2021-06-02,37.826045989990234
2021-06-03,37.74974060058594
2021-06-04,37.78364562988281
2021-06-07,38.139774322509766
2021-06-08,38.34328079223633
2021-06-09,38.385677337646484
2021-06-10,38.77573013305664
2021-06-11,38.52982711791992
2021-06-14,38.75028610229492
2021-06-15,38.3941535949707
2021-06-16,38.0464973449707
2021-06-17,38.1906623840332
2021-06-18,37.588626861572266
2021-06-21,38.33536148071289
2021-06-22,38.16468811035156
2021-06-23,38.045204162597656
2021-06-24,37.86598205566406
2021-06-25,38.139076232910156
2021-06-28,38.15614318847656
2021-06-29,38.13054656982422
2021-06-30,37.83185577392578
2021-07-01,37.9854621887207
2021-07-02,38.16468811035156
2021-07-06,38.506046295166016
2021-07-07,38.70233154296875
2021-07-08,38.66819763183594
2021-07-09,39.18024444580078
2021-07-12,39.52161407470703
2021-07-13,39.009552001953125
2021-07-14,39.350929260253906
2021-07-15,39.410667419433594
2021-07-16,39.45334243774414
2021-07-19,38.83888244628906
2021-07-20,39.53867721557617
2021-07-21,39.41919708251953
2021-07-22,39.1375732421875
2021-07-23,39.496009826660156
2021-07-26,39.496009826660156
2021-07-27,39.81177520751953
2021-07-28,39.572811126708984
2021-07-29,39.45334243774414
2021-07-30,39.581356048583984
2021-08-02,39.598411560058594
2021-08-03,39.76057434082031
2021-08-04,39.6325569152832
2021-08-05,39.94831466674805
2021-08-06,39.880043029785156
2021-08-09,39.700836181640625
2021-08-10,39.27412414550781
2021-08-11,39.48747253417969
2021-08-12,39.624019622802734
2021-08-13,39.888572692871094
2021-08-16,39.931251525878906
2021-08-17,40.00804901123047
2021-08-18,39.589874267578125
2021-08-19,39.92271041870117
2021-08-20,40.1104621887207
2021-08-23,39.95684814453125
2021-08-24,39.65814971923828
2021-08-25,39.61548614501953
2021-08-26,39.64109802246094
2021-08-27,39.96538162231445
2021-08-30,40.45183563232422
2021-08-31,40.69078826904297
2021-09-01,41.39059066772461
2021-09-02,41.58686828613281
2021-09-03,41.58686828613281
2021-09-07,41.12602996826172
2021-09-08,41.37351989746094
2021-09-09,40.494503021240234
2021-09-10,39.982444763183594
2021-09-13,40.204341888427734
2021-09-14,40.11899948120117
2021-09-15,40.272613525390625
2021-09-16,40.349430084228516
2021-09-17,39.982444763183594
2021-09-20,39.70868682861328
2021-09-21,39.71727752685547
2021-09-22,40.051963806152344
2021-09-23,39.854583740234375
2021-09-24,39.39973831176758
2021-09-27,38.74751281738281
2021-09-28,38.51580047607422
2021-09-29,38.764671325683594
2021-09-30,38.14677810668945
2021-10-01,38.55870819091797
2021-10-04,38.601619720458984
2021-10-05,38.30125045776367
2021-10-06,38.6702766418457
2021-10-07,38.71318054199219
2021-10-08,38.29267501831055
2021-10-11,38.34416198730469
2021-10-12,38.85906982421875
2021-10-13,39.08220291137695
2021-10-14,39.63145065307617
2021-10-15,39.648616790771484
2021-10-18,39.71727752685547
2021-10-19,39.89749526977539
2021-10-20,40.506813049316406
2021-10-21,40.63554382324219
2021-10-22,40.92732620239258
2021-10-25,41.047462463378906
2021-10-26,41.23627471923828
2021-10-27,40.93590545654297
2021-10-28,41.536643981933594
2021-10-29,41.03889083862305
2021-11-01,41.13330078125
2021-11-02,41.51947784423828
2021-11-03,41.75978088378906
2021-11-04,41.28776550292969
2021-11-05,41.382171630859375
2021-11-08,41.37358093261719
2021-11-09,41.52805709838867
2021-11-10,41.32209396362305
2021-11-11,41.33925247192383
2021-11-12,41.35641860961914
2021-11-15,41.588130950927734
2021-11-16,41.3306770324707
2021-11-17,41.60530471801758
2021-11-18,41.59671401977539
2021-11-19,41.37358093261719
2021-11-22,41.16762161254883
2021-11-23,41.60530471801758
2021-11-24,42.163124084472656
2021-11-26,41.021724700927734
2021-11-29,41.536643981933594
2021-11-30,40.66986846923828
2021-12-01,40.13779067993164
2021-12-02,41.23627471923828
2021-12-03,41.030311584472656
2021-12-06,41.62246322631836
2021-12-07,42.36050796508789
2021-12-08,42.540733337402344
2021-12-09,42.00006866455078
2021-12-10,42.21461868286133
2021-12-13,42.78102111816406
2021-12-14,42.30902099609375
2021-12-15,42.93550491333008
2021-12-16,43.09856033325195
2021-12-17,42.95266342163086
2021-12-20,42.671363830566406
2021-12-21,42.913719177246094
2021-12-22,43.33783721923828
2021-12-23,43.20800018310547
2021-12-27,44.09085464477539
2021-12-28,44.281280517578125
2021-12-29,44.549598693847656
2021-12-30,44.74866485595703
2021-12-31,44.84387969970703
2022-01-03,44.42842483520508
2022-01-04,44.255313873291016
2022-01-05,42.818504333496094
2022-01-06,42.87044143676758
2022-01-07,42.64540100097656
2022-01-10,42.39439392089844
2022-01-11,42.32514953613281
2022-01-12,42.43766784667969
2022-01-13,42.290523529052734
2022-01-14,41.79716110229492
2022-01-18,41.511539459228516
2022-01-19,40.974891662597656
2022-01-20,40.611366271972656
2022-01-21,40.58539962768555
2022-01-24,40.67196273803711
2022-01-25,40.5594367980957
2022-01-26,39.88431167602539
2022-01-27,39.16590881347656
2022-01-28,40.524810791015625
2022-01-31,40.974891662597656
2022-02-01,40.69792175292969
2022-02-02,41.39900588989258
2022-02-03,40.974891662597656
2022-02-04,40.412288665771484
2022-02-07,40.42095184326172
2022-02-08,40.05741500854492
2022-02-09,41.026824951171875
2022-02-10,39.858341217041016
2022-02-11,39.313045501708984
2022-02-14,38.88893127441406
2022-02-15,39.079349517822266
2022-02-16,39.183223724365234
2022-02-17,38.84565353393555
2022-02-18,38.672550201416016
2022-02-22,38.56867599487305
2022-02-23,38.06666564941406
2022-02-24,38.72447967529297
2022-02-25,39.69388961791992
2022-02-28,39.01010513305664
2022-03-01,38.93220901489258
2022-03-02,39.62464904785156
2022-03-03,40.05741500854492
2022-03-04,40.39498519897461
2022-03-07,39.659263610839844
2022-03-08,39.30439758300781
2022-03-09,39.96220779418945
2022-03-10,40.1006965637207
2022-03-11,39.70254135131836
2022-03-14,39.46019744873047
2022-03-15,39.771793365478516
2022-03-16,40.21321105957031
2022-03-17,40.78447341918945
2022-03-18,40.87968444824219
2022-03-21,40.669891357421875
2022-03-22,40.69601058959961
2022-03-23,40.234649658203125
2022-03-24,40.54802703857422
2022-03-25,41.02680206298828
2022-03-28,41.549102783203125
2022-03-29,42.76780700683594
2022-03-30,42.53276824951172
2022-03-31,42.06269836425781
2022-04-01,42.89838409423828
2022-04-04,42.76780700683594
2022-04-05,42.80262756347656
2022-04-06,43.4380989074707
2022-04-07,43.08119201660156
2022-04-08,43.237876892089844
2022-04-11,42.64594268798828
2022-04-12,42.51536178588867
2022-04-13,42.689453125
2022-04-14,42.445716857910156
2022-04-18,42.34125900268555
2022-04-19,43.22917556762695
2022-04-20,44.04743576049805
2022-04-21,43.76018524169922
2022-04-22,42.97672653198242
2022-04-25,42.77650451660156
2022-04-26,42.10622787475586
2022-04-27,41.85377883911133
2022-04-28,42.619815826416016
2022-04-29,40.5654411315918
2022-05-02,39.51211929321289
2022-05-03,39.990901947021484
2022-05-04,40.46096420288086
2022-05-05,39.425079345703125
2022-05-06,39.0246467590332
2022-05-09,37.205291748046875
2022-05-10,36.37831497192383
2022-05-11,36.32608413696289
2022-05-12,36.595943450927734
2022-05-13,37.50996398925781
2022-05-16,37.205291748046875
2022-05-17,37.6057243347168
2022-05-18,36.508888244628906
2022-05-19,36.439247131347656
2022-05-20,36.86579895019531
2022-05-23,37.344573974609375
2022-05-24,37.77983093261719
2022-05-25,37.988746643066406
2022-05-26,37.94522476196289
2022-05-27,39.01594161987305
2022-05-31,38.4936408996582
2022-06-01,38.07579803466797
2022-06-02,38.650333404541016
2022-06-03,38.162845611572266
2022-06-06,38.049678802490234
2022-06-07,38.4936408996582
2022-06-08,37.5709114074707
2022-06-09,36.7091064453125
2022-06-10,35.838600158691406
2022-06-13,34.11500930786133
2022-06-14,33.87126541137695
2022-06-15,34.64601135253906
2022-06-16,33.819034576416016
2022-06-17,34.01925277709961
2022-06-21,34.65281295776367
2022-06-22,35.214420318603516
2022-06-23,35.907649993896484
2022-06-24,36.688636779785156
2022-06-27,36.557003021240234
2022-06-28,36.05683517456055
2022-06-29,35.82868576049805
2022-06-30,35.855003356933594
2022-07-01,36.495582580566406
2022-07-05,36.346405029296875
2022-07-06,36.32007598876953
2022-07-07,36.346405029296875
2022-07-08,36.1796760559082
2022-07-11,36.1796760559082
2022-07-12,35.9515266418457
2022-07-13,35.75847625732422
2022-07-14,35.407470703125
2022-07-15,35.97785568237305
2022-07-18,35.62684631347656
2022-07-19,36.609657287597656
2022-07-20,36.425376892089844
2022-07-21,36.802711486816406
2022-07-22,37.08351135253906
2022-07-25,37.10983657836914
2022-07-26,37.18003463745117
2022-07-27,37.381866455078125
2022-07-28,38.759544372558594
2022-07-29,38.90873718261719
2022-08-01,38.5577278137207
2022-08-02,38.048770904541016
2022-08-03,38.20672607421875
2022-08-04,38.24182891845703
2022-08-05,38.36467361450195
2022-08-08,38.64547348022461
2022-08-09,38.952606201171875
2022-08-10,39.47911071777344
2022-08-11,39.29483413696289
2022-08-12,39.96173858642578
2022-08-15,40.137245178222656
2022-08-16,39.97929382324219
2022-08-17,39.86520767211914
2022-08-18,39.59318542480469
2022-08-19,39.20708084106445
2022-08-22,38.3910026550293
2022-08-23,37.81184768676758
2022-08-24,38.11020278930664
2022-08-25,38.698123931884766
2022-08-26,37.7153205871582
2022-08-29,37.39064407348633
2022-08-30,36.85536193847656
2022-08-31,36.723731994628906
2022-09-01,36.85536193847656
2022-09-02,36.22355270385742
2022-09-06,36.60087966918945
2022-09-07,37.302886962890625
2022-09-08,37.40818786621094
2022-09-09,37.767974853515625
2022-09-12,38.0838737487793
2022-09-13,36.635986328125
2022-09-14,36.18845748901367
2022-09-15,35.39869689941406
2022-09-16,35.407470703125
2022-09-19,35.340171813964844
2022-09-20,34.410400390625
2022-09-21,33.90566635131836
2022-09-22,33.58688735961914
2022-09-23,33.17070770263672
2022-09-26,32.27635192871094
2022-09-27,31.851320266723633
2022-09-28,32.453460693359375
2022-09-29,31.55024528503418
2022-09-30,31.886737823486328
2022-10-03,32.48002243041992
2022-10-04,32.99360275268555
2022-10-05,32.38261413574219
2022-10-06,31.32002067565918
2022-10-07,30.576202392578125
2022-10-10,30.23086166381836
2022-10-11,30.51421356201172
2022-10-12,30.10688591003418
2022-10-13,30.673606872558594
2022-10-14,29.903217315673828
2022-10-17,31.01894760131836
2022-10-18,31.426280975341797
2022-10-19,30.63818359375
2022-10-20,30.487646102905273
2022-10-21,30.70016860961914
2022-10-24,30.682466506958008
2022-10-25,31.89558982849121
2022-10-26,31.833600997924805
2022-10-27,31.851320266723633
2022-10-28,32.60398483276367
2022-10-31,32.5242919921875
2022-11-01,32.471168518066406
2022-11-02,31.62108612060547
2022-11-03,31.60337257385254
2022-11-04,32.04612731933594
2022-11-07,32.03727722167969
2022-11-08,32.232078552246094
2022-11-09,31.877885818481445
2022-11-10,34.32185363769531
2022-11-11,34.304141998291016
2022-11-14,33.39208221435547
2022-11-15,33.808265686035156
2022-11-16,33.569183349609375
2022-11-17,33.268104553222656
2022-11-18,33.69315719604492
2022-11-21,33.932228088378906
2022-11-22,34.10047912597656
2022-11-23,34.15361022949219
2022-11-25,34.357269287109375
2022-11-28,33.39208221435547
2022-11-29,33.949947357177734
2022-11-30,34.74689483642578
2022-12-01,34.67605972290039
2022-12-02,34.50780487060547
2022-12-05,33.923377990722656
2022-12-06,33.66658020019531
2022-12-07,33.737422943115234
2022-12-08,33.98537063598633
2022-12-09,33.91452407836914
2022-12-12,34.197879791259766
2022-12-13,34.9505500793457
2022-12-14,34.61406707763672
2022-12-15,34.21559143066406
2022-12-16,33.20612716674805
2022-12-19,32.8129768371582
2022-12-20,32.7413444519043
2022-12-21,33.07268524169922
2022-12-22,32.9114875793457
2022-12-23,33.207027435302734
2022-12-27,33.18014907836914
2022-12-28,32.65177536010742
2022-12-29,33.37717819213867
2022-12-30,33.07268524169922
2023-01-03,33.19807052612305
2023-01-04,33.95928192138672
2023-01-05,32.9652214050293
2023-01-06,33.9234619140625
2023-01-09,33.90555191040039
2023-01-10,34.004058837890625
2023-01-11,35.239925384521484
2023-01-12,35.63396453857422
2023-01-13,35.427982330322266
2023-01-17,35.43694305419922
2023-01-18,34.890655517578125
2023-01-19,34.72050857543945
2023-01-20,35.12349319458008
2023-01-23,35.22201156616211
2023-01-24,35.37425994873047
2023-01-25,35.41008377075195
2023-01-26,35.813072204589844
2023-01-27,36.135475158691406
2023-01-30,35.696651458740234
2023-01-31,36.350406646728516
2023-02-01,36.61906814575195
2023-02-02,37.46088790893555
2023-02-03,36.6817512512207
2023-02-06,36.44891357421875
2023-02-07,36.30562973022461
2023-02-08,36.20711898803711
2023-02-09,35.85785675048828
2023-02-10,35.92949295043945
2023-02-13,36.26084899902344
2023-02-14,35.88471984863281
2023-02-15,35.98322677612305
2023-02-16,35.65187454223633
2023-02-17,35.4727668762207
2023-02-21,34.774234771728516
2023-02-22,34.460792541503906
2023-02-23,34.792152404785156
2023-02-24,34.1473503112793
2023-02-27,34.20107650756836
2023-02-28,34.218994140625
2023-03-01,33.69062042236328
2023-03-02,34.12943649291992
2023-03-03,34.70258712768555
2023-03-06,34.56825637817383
2023-03-07,33.6995735168457
2023-03-08,34.17422103881836
2023-03-09,33.39508056640625
2023-03-10,32.32938003540039
2023-03-13,32.84880447387695
2023-03-14,33.189109802246094
2023-03-15,33.207027435302734
2023-03-16,33.207027435302734
2023-03-17,32.445796966552734
2023-03-20,32.79393768310547
2023-03-21,32.60454177856445
2023-03-22,31.414005279541016
2023-03-23,31.224592208862305
2023-03-24,32.02730941772461
2023-03-27,31.91907501220703
2023-03-28,31.81084442138672
2023-03-29,32.568458557128906
2023-03-30,32.99237060546875
2023-03-31,33.713905334472656
2023-04-03,33.39823913574219
2023-04-04,33.407257080078125
2023-04-05,33.23589324951172
2023-04-06,33.461368560791016
2023-04-10,33.632728576660156
2023-04-11,33.795082092285156
2023-04-12,33.69586944580078
2023-04-13,33.58763885498047
2023-04-14,33.01041030883789
2023-04-17,33.75900650024414
2023-04-18,33.70488357543945
2023-04-19,33.9033088684082
2023-04-20,33.49744415283203
2023-04-21,33.53352355957031
2023-04-24,33.44333267211914
2023-04-25,33.13667678833008
2023-04-26,32.8661003112793
2023-04-27,33.6597900390625
2023-04-28,34.04762268066406
2023-05-01,33.73195266723633
2023-05-02,33.15471267700195
2023-05-03,32.94727325439453
2023-05-04,33.25392150878906
2023-05-05,33.76802062988281
2023-05-08,33.53352355957031
2023-05-09,33.425289154052734
2023-05-10,33.740962982177734
2023-05-11,33.389217376708984
2023-05-12,33.45234680175781
2023-05-15,33.389217376708984
2023-05-16,32.496307373046875
2023-05-17,32.92021179199219
2023-05-18,32.7127685546875
2023-05-19,32.65865707397461
2023-05-22,32.875118255615234
2023-05-23,32.46925354003906
2023-05-24,31.756731033325195
2023-05-25,31.82888412475586
2023-05-26,32.19868087768555
2023-05-30,32.297889709472656
2023-05-31,32.50532913208008
2023-06-01,32.514347076416016
2023-06-02,33.19981384277344
2023-06-05,33.046485900878906
2023-06-06,33.244903564453125
2023-06-07,33.858219146728516
2023-06-08,33.65077209472656
2023-06-09,33.47940444946289
2023-06-12,33.461368560791016
2023-06-13,33.70488357543945
2023-06-14,33.88527297973633
2023-06-15,34.02957534790039
2023-06-16,33.993499755859375
2023-06-20,33.628353118896484
2023-06-21,33.48265838623047
2023-06-22,33.00914001464844
2023-06-23,32.65400695800781
2023-06-26,33.38249588012695
2023-06-27,33.74673080444336
2023-06-28,33.837791442871094
2023-06-29,34.14738845825195
2023-06-30,34.320404052734375
2023-07-03,34.593589782714844
2023-07-05,34.76659393310547
2023-07-06,34.575374603271484
2023-07-07,34.41146469116211
2023-07-10,34.52984619140625
2023-07-11,34.9213981628418
2023-07-12,35.085304260253906
2023-07-13,35.32206726074219
2023-07-14,35.32206726074219
2023-07-17,35.02156448364258
2023-07-18,34.73017120361328
2023-07-19,35.11262893676758
2023-07-20,34.9942512512207
2023-07-21,35.149051666259766
2023-07-24,35.4859733581543
2023-07-25,35.221893310546875
2023-07-26,35.34938049316406
2023-07-27,34.60269546508789
2023-07-28,34.50252914428711
2023-07-31,34.775699615478516
2023-08-01,34.71195983886719
2023-08-02,34.5662727355957
2023-08-03,34.09275436401367
2023-08-04,33.755836486816406
2023-08-07,34.18381118774414
2023-08-08,34.01080322265625
2023-08-09,34.09275436401367
2023-08-10,33.98348617553711
2023-08-11,34.04722595214844
2023-08-14,33.8651123046875
2023-08-15,33.51908493041992
2023-08-16,33.10931396484375
2023-08-17,32.86345291137695
2023-08-18,32.954505920410156
2023-08-21,32.67222595214844
2023-08-22,32.77239227294922
2023-08-23,33.255008697509766
2023-08-24,33.10020065307617
2023-08-25,33.19127655029297
2023-08-28,33.45534133911133
2023-08-29,33.837791442871094
2023-08-30,33.9561653137207
2023-08-31,33.71030807495117
2023-09-01,33.69209671020508
2023-09-05,33.35517501831055
2023-09-06,33.29143524169922
2023-09-07,33.564613342285156
2023-09-08,33.346065521240234
2023-09-11,33.36427688598633
2023-09-12,33.36427688598633
2023-09-13,33.02735900878906
2023-09-14,33.628353118896484
2023-09-15,33.5008659362793
2023-09-18,33.208072662353516
2023-09-19,33.03368377685547
2023-09-20,33.097930908203125
2023-09-21,31.950607299804688
2023-09-22,31.730321884155273
2023-09-25,31.675251007080078
2023-09-26,31.1153621673584
2023-09-27,30.840002059936523
2023-09-28,31.161251068115234
2023-09-29,31.271398544311523
2023-10-02,30.70232391357422
2023-10-03,30.142427444458008
2023-10-04,30.46367835998535
2023-10-05,30.68396759033203
2023-10-06,30.803293228149414
2023-10-09,31.207149505615234
2023-10-10,31.317293167114258
2023-10-11,31.950607299804688
2023-10-12,31.528396606445312
2023-10-13,31.519214630126953
2023-10-16,31.8404598236084
2023-10-17,31.675251007080078
2023-10-18,30.977680206298828
2023-10-19,30.21586036682129
2023-10-20,30.05982208251953
2023-10-23,29.802827835083008
2023-10-24,30.17914390563965
2023-10-25,29.545822143554688
2023-10-26,30.169963836669922
2023-10-27,29.69268226623535
2023-10-30,29.784467697143555
2023-10-31,30.381074905395508
2023-11-01,30.5371150970459
2023-11-02,31.482498168945312
2023-11-03,32.2259635925293
2023-11-06,31.785400390625
2023-11-07,31.519214630126953
2023-11-08,31.702781677246094
2023-11-09,31.216318130493164
2023-11-10,31.565113067626953
2023-11-13,31.29892921447754
2023-11-14,32.98778533935547
2023-11-15,33.06121826171875
2023-11-16,33.052040100097656
2023-11-17,33.01531982421875
2023-11-20,33.27232360839844
2023-11-21,33.107112884521484
2023-11-22,33.208072662353516
2023-11-24,33.336570739746094
2023-11-27,33.455902099609375
2023-11-28,33.639469146728516
2023-11-29,33.896461486816406
2023-11-30,34.17182159423828
2023-12-01,34.887752532958984
2023-12-04,35.08049774169922
2023-12-05,34.93364715576172
2023-12-06,34.81431579589844
2023-12-07,34.86021423339844
2023-12-08,34.78678894042969
2023-12-11,34.90611267089844
2023-12-12,34.89692306518555
2023-12-13,36.163578033447266
2023-12-14,37.16404342651367
2023-12-15,36.71428298950195
2023-12-18,36.61317825317383
2023-12-19,36.86363983154297
2023-12-20,36.39982986450195
2023-12-21,36.70594024658203
2023-12-22,36.85435485839844
2023-12-26,37.12337112426758
2023-12-27,37.33672332763672
2023-12-28,37.56862258911133
2023-12-29,37.16046905517578
2024-01-02,37.503684997558594
2024-01-03,36.61317825317383
2024-01-04,36.520416259765625
2024-01-05,36.446205139160156
2024-01-08,36.947120666503906
2024-01-09,36.68738555908203
2024-01-10,36.743045806884766
2024-01-11,36.39982986450195
2024-01-12,36.67811584472656
2024-01-16,36.45547866821289
2024-01-17,35.787593841552734
2024-01-18,35.555694580078125
2024-01-19,35.89891052246094
2024-01-22,36.065887451171875
2024-01-23,35.8710823059082
2024-01-24,35.37944030761719
2024-01-25,35.8618049621582
2024-01-26,35.7041130065918
2024-01-29,35.96384811401367
2024-01-30,35.62990188598633
2024-01-31,35.37016296386719
2024-02-01,35.991676330566406
2024-02-02,35.53713607788086
2024-02-05,34.83214569091797
2024-02-06,35.36088943481445
2024-02-07,35.34233856201172
2024-02-08,35.53713607788086
2024-02-09,35.62990188598633
2024-02-12,35.51858901977539
2024-02-13,34.8692512512207
2024-02-14,35.10115432739258
2024-02-15,35.94528579711914
2024-02-16,35.574241638183594
2024-02-20,35.51858901977539
2024-02-21,35.7783088684082
2024-02-22,35.8710823059082
2024-02-23,35.91746520996094
2024-02-26,35.509307861328125
2024-02-27,35.53713607788086
2024-02-28,35.991676330566406
2024-02-29,36.27923583984375
2024-03-01,36.67811584472656
2024-03-04,37.095542907714844
2024-03-05,36.62245178222656
2024-03-06,36.8265266418457
2024-03-07,36.8265266418457
2024-03-08,37.262508392333984
2024-03-11,37.076988220214844
2024-03-12,36.984222412109375
2024-03-13,36.752323150634766
2024-03-14,36.232852935791016
2024-03-15,36.21429443359375
2024-03-18,36.20869064331055
2024-03-19,36.20869064331055
2024-03-20,36.358123779296875
2024-03-21,36.49821853637695
2024-03-22,36.068607330322266
2024-03-25,35.92851257324219
2024-03-26,35.77908706665039
2024-03-27,36.68500518798828
2024-03-28,36.918479919433594
2024-04-01,36.274078369140625
2024-04-02,35.87247848510742
2024-04-03,35.89115905761719
2024-04-04,35.610984802246094
2024-04-05,35.84446334838867
2024-04-08,36.15266036987305
2024-04-09,36.61029052734375
2024-04-10,35.10665512084961
2024-04-11,35.14400863647461
2024-04-12,34.7797737121582
2024-04-15,34.17271423339844
2024-04-16,33.64971160888672
2024-04-17,33.36952590942383
2024-04-18,33.37887191772461
2024-04-19,33.50961685180664
2024-04-22,33.780460357666016
2024-04-23,34.08866500854492
2024-04-24,34.21941375732422
2024-04-25,34.02328872680664
2024-04-26,34.051300048828125
2024-04-29,34.43421936035156
2024-04-30,33.79914093017578
2024-05-01,33.81781768798828
2024-05-02,34.303466796875
2024-05-03,34.574302673339844
2024-05-06,34.583648681640625
2024-05-07,34.94788360595703
2024-05-08,34.621002197265625
2024-05-09,35.442867279052734
2024-05-10,35.31212615966797
2024-05-13,35.405513763427734
2024-05-14,35.65767288208008
2024-05-15,36.264732360839844
2024-05-16,36.19935607910156
2024-05-17,36.19935607910156
2024-05-20,35.97521209716797
2024-05-21,35.94719314575195
2024-05-22,35.63899230957031
2024-05-23,34.882511138916016
2024-05-24,34.882511138916016
2024-05-28,34.67704391479492
2024-05-29,34.35015869140625
2024-05-30,34.84515380859375
2024-05-31,35.53626251220703
2024-06-03,35.396175384521484
2024-06-04,35.73238754272461
2024-06-05,35.68569564819336
2024-06-06,35.741729736328125
2024-06-07,35.4615478515625
2024-06-10,35.63899230957031
2024-06-11,35.52692794799805
2024-06-12,35.77908706665039
2024-06-13,35.9565315246582
2024-06-14,35.98454666137695
2024-06-17,35.79776382446289
2024-06-18,35.9378547668457
2024-06-20,35.84446334838867
2024-06-21,35.9378547668457
2024-06-24,36.1803092956543
2024-06-25,35.67087173461914
2024-06-26,35.62369155883789
2024-06-27,35.944454193115234
2024-06-28,36.23691940307617
2024-07-01,35.88785934448242
2024-07-02,36.038795471191406
2024-07-03,36.001060485839844
2024-07-05,36.13314437866211
2024-07-08,36.21805191040039
2024-07-09,36.22748565673828
2024-07-10,36.482208251953125
2024-07-11,37.45393753051758
2024-07-12,37.7275276184082
2024-07-15,37.88791275024414
2024-07-16,38.24641418457031
2024-07-17,38.58605194091797
2024-07-18,38.265281677246094
2024-07-19,38.21810531616211
2024-07-22,38.59547805786133
2024-07-23,38.52943801879883
2024-07-24,38.00111770629883
2024-07-25,37.79357147216797
2024-07-26,38.4256591796875
2024-07-29,38.67095184326172
2024-07-30,38.953975677490234
2024-07-31,38.85963821411133
2024-08-01,39.46342849731445
2024-08-02,39.49173355102539
2024-08-05,38.350189208984375
2024-08-06,39.19926834106445
2024-08-07,38.91624069213867
2024-08-08,39.24644088745117
2024-08-09,39.444557189941406
2024-08-12,39.208709716796875
2024-08-13,39.482295989990234
2024-08-14,39.623809814453125
2024-08-15,39.51060485839844
2024-08-16,39.49173355102539
2024-08-19,39.72758865356445
2024-08-20,39.765323638916016
2024-08-21,39.897403717041016
2024-08-22,40.14269256591797
2024-08-23,40.91630554199219
2024-08-26,40.888004302978516
2024-08-27,40.99177932739258
2024-08-28,40.85026550292969
2024-08-29,40.68988037109375
2024-08-30,41.08612060546875
2024-09-03,41.180458068847656
2024-09-04,41.274803161621094
2024-09-05,41.161590576171875
2024-09-06,41.161590576171875
2024-09-09,41.65217208862305
2024-09-10,42.38804244995117
2024-09-11,42.27483367919922
2024-09-12,42.35030746459961
2024-09-13,42.65220260620117
2024-09-16,42.79371643066406
2024-09-17,42.45408248901367
2024-09-18,42.33143997192383
2024-09-19,42.2276611328125
2024-09-20,42.15218734741211
2024-09-23,42.618656158447266
2024-09-24,42.618656158447266
2024-09-25,42.43814468383789
2024-09-26,42.02013397216797
2024-09-27,42.0771369934082
2024-09-30,42.43814468383789
2024-10-01,42.181644439697266
2024-10-02,42.02963638305664
2024-10-03,41.62112045288086
2024-10-04,41.34560775756836
2024-10-07,41.041595458984375
2024-10-08,41.16510009765625
2024-10-09,41.18409729003906
2024-10-10,40.84209060668945
2024-10-11,41.26010513305664
2024-10-14,41.54511642456055
2024-10-15,42.06763458251953
2024-10-16,42.48565673828125
2024-10-17,42.21014404296875
2024-10-18,42.50465774536133
2024-10-21,41.630619049072266
2024-10-22,41.697120666503906
2024-10-23,42.10563278198242
2024-10-24,42.20064163208008
2024-10-25,41.868125915527344
2024-10-28,42.001129150390625
2024-10-29,41.62112045288086
2024-10-30,41.77312469482422
2024-10-31,41.041595458984375
2024-11-01,40.604583740234375
2024-11-04,41.06059646606445
2024-11-05,41.62112045288086
2024-11-06,40.50957489013672
2024-11-07,41.01308822631836
2024-11-08,41.71612548828125
2024-11-11,41.35511016845703
2024-11-12,40.83258819580078
2024-11-13,41.155601501464844
2024-11-14,40.78508377075195
2024-11-15,40.83258819580078
2024-11-18,41.193603515625
2024-11-19,41.3646125793457
2024-11-20,41.2981071472168
2024-11-21,41.5736198425293
2024-11-22,41.88712692260742
2024-11-25,42.44765090942383
2024-11-26,42.656654357910156
2024-11-27,42.951171875
2024-11-29,42.75166320800781
2024-12-02,42.10563278198242
2024-12-03,41.85862731933594
2024-12-04,41.744625091552734
2024-12-05,41.64011764526367
2024-12-06,41.58311462402344
2024-12-09,41.66862106323242
2024-12-10,40.99409484863281
2024-12-11,40.88959503173828
2024-12-12,40.861087799072266
2024-12-13,40.69008255004883
2024-12-16,40.481075286865234
2024-12-17,40.30057144165039
2024-12-18,38.7234992980957
2024-12-19,38.0584831237793
2024-12-20,38.75200653076172
2024-12-23,38.92869567871094
2024-12-24,39.187965393066406
2024-12-26,39.245574951171875
2024-12-27,38.92869567871094
2024-12-30,38.74624252319336
2024-12-31,39.05352020263672
2025-01-02,38.688629150390625
2025-01-03,39.216766357421875
2025-01-06,38.67902374267578
2025-01-07,38.39094924926758
2025-01-08,38.55419158935547
2025-01-10,37.62274932861328
2025-01-13,38.102874755859375
2025-01-14,38.42936325073242
2025-01-15,38.59260177612305
2025-01-16,39.45682907104492
2025-01-17,39.447235107421875
2025-01-21,40.16741943359375
2025-01-22,39.466434478759766
2025-01-23,39.7833137512207
2025-01-24,39.8985481262207
2025-01-27,40.29225540161133
2025-01-28,39.802520751953125
2025-01-29,39.34159851074219
2025-01-30,39.860137939453125
2025-01-31,39.77371597290039
2025-02-03,39.70649719238281
2025-02-04,39.70649719238281
2025-02-05,40.33066940307617
2025-02-06,40.445892333984375
2025-02-07,40.30185317993164
2025-02-10,40.35947036743164
2025-02-11,40.58032989501953
2025-02-12,40.234642028808594
2025-02-13,40.5515251159668
2025-02-14,40.38827896118164
2025-02-18,40.53231430053711
2025-02-19,40.60913848876953
2025-02-20,40.887611389160156
2025-02-21,40.5515251159668
2025-02-24,40.733970642089844
2025-02-25,41.16608428955078
2025-02-26,40.96443176269531
2025-02-27,41.146881103515625
2025-02-28,41.43495559692383
2025-03-03,41.790252685546875
2025-03-04,41.310123443603516
2025-03-05,41.69422149658203
2025-03-06,40.5515251159668
2025-03-07,40.781982421875
2025-03-10,40.38827896118164
2025-03-11,39.96576690673828
2025-03-12,39.82172775268555
2025-03-13,39.04392623901367
2025-03-14,39.802520751953125
2025-03-17,40.503509521484375
2025-03-18,40.253841400146484
2025-03-19,40.30185317993164
2025-03-20,40.253841400146484
2025-03-21,39.860137939453125
2025-03-24,40.414852142333984
2025-03-25,39.93165588378906
2025-03-26,40.13459396362305
2025-03-27,40.03795623779297
2025-03-28,40.01863098144531
2025-03-31,40.44384002685547
2025-04-01,40.47283935546875
2025-04-02,40.66612243652344
2025-04-03,39.44845199584961
2025-04-04,37.65094757080078
2025-04-07,36.74253463745117
2025-04-08,35.8341178894043
2025-04-09,37.892547607421875
2025-04-10,37.09043884277344
2025-04-11,37.61228942871094
2025-04-14,38.443397521972656
2025-04-15,38.50138473510742
2025-04-16,38.4820556640625
2025-04-17,39.090885162353516
2025-04-21,38.27910614013672
2025-04-22,39.0618896484375
2025-04-23,39.11021423339844
2025-04-24,39.22618103027344
2025-04-25,39.16819763183594
2025-04-28,39.40979766845703
2025-04-29,39.72870635986328
2025-04-30,39.91232681274414
2025-05-01,40.028289794921875
2025-05-02,40.521156311035156
2025-05-05,40.47283935546875
2025-05-06,40.19258117675781
2025-05-07,40.16359329223633
2025-05-08,39.970314025878906
2025-05-09,40.211910247802734
2025-05-12,40.25056838989258
2025-05-13,39.709381103515625
2025-05-14,39.37114334106445
2025-05-15,40.095943450927734
2025-05-16,40.59846496582031
2025-05-19,40.685447692871094
2025-05-20,40.47283935546875
2025-05-21,39.4001350402832
2025-05-22,39.26483917236328
2025-05-23,39.27450180053711
2025-05-27,39.92198944091797
2025-05-28,39.92198944091797
2025-05-29,40.28921890258789
2025-05-30,40.327877044677734
2025-06-02,40.385860443115234
2025-06-03,40.24090576171875
2025-06-04,40.36653518676758
2025-06-05,40.356868743896484
2025-06-06,40.47283935546875
2025-06-09,40.45351028442383
2025-06-10,40.811073303222656
2025-06-11,40.58880615234375
2025-06-12,40.811073303222656
2025-06-13,40.48250198364258
2025-06-16,40.521156311035156
2025-06-17,40.356868743896484
2025-06-18,40.434181213378906
2025-06-20,40.42451858520508
2025-06-23,41.01447677612305
2025-06-24,41.209503173828125
2025-06-25,40.205108642578125
2025-06-26,39.951576232910156
2025-06-27,40.097843170166016
2025-06-30,40.390384674072266
2025-07-01,40.66342544555664
2025-07-02,40.74143600463867
2025-07-03,40.76094436645508
2025-07-07,40.44889450073242
2025-07-08,40.390384674072266
2025-07-09,40.370887756347656
2025-07-10,40.57566452026367
2025-07-11,40.536659240722656
2025-07-14,40.809696197509766
2025-07-15,40.28312301635742
2025-07-16,40.72193145751953
2025-07-17,40.68292999267578
2025-07-18,40.79994583129883
2025-07-21,40.95596694946289
2025-07-22,41.667823791503906
2025-07-23,41.78483963012695
2025-07-24,41.72633361816406
2025-07-25,41.72633361816406
2025-07-28,41.00472640991211
2025-07-29,41.68732452392578
2025-07-30,41.10224151611328
2025-07-31,40.380638122558594
2025-08-01,40.26361846923828
2025-08-04,40.604915618896484
2025-08-05,40.74143600463867
2025-08-06,40.4001350402832
2025-08-07,40.55615997314453
2025-08-08,40.22461700439453
2025-08-11,39.990577697753906
2025-08-12,40.058841705322266
2025-08-13,40.32212448120117
2025-08-14,40.039337158203125
2025-08-15,40.30262756347656
2025-08-18,39.92231750488281
2025-08-19,40.63417053222656
2025-08-20,40.79019546508789
2025-08-21,40.643924713134766
2025-08-22,41.28751754760742
2025-08-25,41.082740783691406
2025-08-26,40.965721130371094
2025-08-27,41.14124298095703
2025-08-28,41.03398132324219
2025-08-29,41.258262634277344
2025-09-02,40.55615997314453
2025-09-03,40.44889450073242
2025-09-04,40.72193145751953
2025-09-05,41.13149642944336
2025-09-08,40.858455657958984
2025-09-09,40.83895492553711
2025-09-10,40.8194465637207
2025-09-11,41.4825439453125
2025-09-12,41.29726791381836
2025-09-15,41.24850845336914
2025-09-16,41.00472640991211
2025-09-17,40.98522186279297
2025-09-18,41.01447677612305
2025-09-19,40.809696197509766
2025-09-22,40.94430923461914
2025-09-23,41.2685661315918
2025-09-24,40.84605407714844
2025-09-25,40.747798919677734
2025-09-26,41.150657653808594
2025-09-29,41.2292594909668
2025-09-30,41.39630126953125
2025-10-01,41.39630126953125
2025-10-02,41.18013381958008
2025-10-03,41.34717559814453
2025-10-06,40.934486389160156
2025-10-07,40.8067512512207
2025-10-08,40.600406646728516
2025-10-09,40.41371536254883
2025-10-10,39.971553802490234
2025-10-13,40.197547912597656
2025-10-14,40.580753326416016
2025-10-15,41.17030715942383
2025-10-16,41.04256820678711
2025-10-17,41.30786895751953
2025-10-20,41.740203857421875
2025-10-21,41.61246871948242
2025-10-22,41.79916000366211
2025-10-23,41.75986099243164
2025-10-24,41.907249450683594
2025-10-27,41.99568176269531
2025-10-28,41.062225341796875
2025-10-29,39.94207763671875
2025-10-30,40.16807174682617
2025-10-31,40.18772506713867
2025-11-03,40.11894226074219
2025-11-04,40.22702407836914
2025-11-05,40.217201232910156
2025-11-06,40.02068328857422
2025-11-07,40.55127716064453
2025-11-10,40.52180099487305
2025-11-11,40.973793029785156
2025-11-12,40.6495361328125
2025-11-13,40.11894226074219
2025-11-14,40.23685073852539
2025-11-17,39.971553802490234
2025-11-18,40.11894226074219
2025-11-19,39.80451202392578
2025-11-20,39.66695022583008
2025-11-21,40.18772506713867
2025-11-24,40.24667739868164
2025-11-25,40.57093048095703
2025-11-26,40.747798919677734
2025-11-28,40.94430923461914
2025-12-01,40.37441635131836
2025-12-02,40.27615737915039
2025-12-03,40.354759216308594
2025-12-04,40.285980224609375
2025-12-05,40.27615737915039
2025-12-08,40.03050994873047
2025-12-09,39.7946891784668
2025-12-10,39.87329864501953
2025-12-11,40.08946228027344
2025-12-12,40.04033279418945
2025-12-15,40.197547912597656
2025-12-16,39.84381866455078
2025-12-17,40.02068328857422
2025-12-18,39.7750358581543
2025-12-19,39.627647399902344
2025-12-22,39.921669006347656
2025-12-23,39.911739349365234
2025-12-24,40.17000198364258
2025-12-26,40.24946975708008
2025-12-29,40.358734130859375
2025-12-30,40.44813537597656
2025-12-31,40.08060073852539
2026-01-02,40.11040496826172
2026-01-05,40.16006851196289
2026-01-06,40.42826843261719
2026-01-07,39.872005462646484
2026-01-08,40.17000198364258
2026-01-09,40.2296028137207
2026-01-12,40.34880065917969
2026-01-13,40.65673065185547
2026-01-14,41.1136589050293
2026-01-15,41.421592712402344
2026-01-16,41.928184509277344
2026-01-20,41.12359619140625
2026-01-21,41.27259063720703
2026-01-22,40.86532974243164
2026-01-23,40.97459411621094
2026-01-26,40.94479751586914
2026-01-27,40.97459411621094
2026-01-28,40.57726287841797
2026-01-29,41.09379196166992
2026-01-30,41.15339279174805
2026-02-02,40.68653106689453
2026-02-03,40.537532806396484
2026-02-04,41.18319320678711
2026-02-05,40.95472717285156
2026-02-06,41.70965576171875
2026-02-09,41.967918395996094
2026-02-10,42.553977966308594
2026-02-11,42.514244079589844
2026-02-12,42.583778381347656
2026-02-13,43.209571838378906
2026-02-17,43.64663314819336
2026-02-18,43.06057357788086
2026-02-19,42.91157531738281
2026-02-20,43.26917266845703
2026-02-23,43.31884002685547
2026-02-24,43.43803787231445
2026-02-25,43.14997100830078
2026-02-26,43.338706970214844
2026-02-27,43.54730224609375
2026-03-02,43.626766204833984
2026-03-03,43.40823745727539
2026-03-04,43.46783447265625
2026-03-05,43.05064010620117
2026-03-06,42.60364532470703
2026-03-09,42.69304275512695
2026-03-10,42.63344192504883
2026-03-11,42.12685012817383
2026-03-12,41.85865020751953
2026-03-13,41.967918395996094
2026-03-16,42.29571533203125
2026-03-17,42.43478012084961
2026-03-18,41.73945236206055
2026-03-19,41.64011764526367
2026-03-20,40.319000244140625
2026-03-23,40.619998931884766
